"polity";"year";"population";"moralizing_gods";"writing"
"Big Island Hawaii";1000;3.72964309358953;NA;0
"Big Island Hawaii";1100;3.72964309358953;NA;0
"Big Island Hawaii";1200;3.59834039052026;NA;0
"Big Island Hawaii";1300;4.02623961754708;NA;0
"Big Island Hawaii";1400;4.31176726962931;NA;0
"Big Island Hawaii";1500;4.20511271101489;NA;0
"Big Island Hawaii";1600;4.37395951400149;NA;0
"Big Island Hawaii";1700;5.15759323618848;NA;0
"Big Island Hawaii";1800;4.99743918309294;1;0
"Cahokia";-600;1.54754250295247;NA;0
"Cahokia";-500;1.54754250295247;NA;0
"Cahokia";-400;1.54754250295247;NA;0
"Cahokia";-300;1.54754250295247;NA;0
"Cahokia";-200;1.54754250295247;NA;0
"Cahokia";-100;1.66117630104141;NA;0
"Cahokia";0;1.66117630104141;NA;0
"Cahokia";100;1.66117630104141;NA;0
"Cahokia";200;1.66117630104141;NA;0
"Cahokia";300;1.53732558384119;NA;0
"Cahokia";400;1.53732558384119;NA;0
"Cahokia";500;1.73787558741576;NA;0
"Cahokia";600;1.56840247443161;NA;0
"Cahokia";700;1.56840247443161;NA;0
"Cahokia";800;2.66648922998353;NA;0
"Cahokia";900;2.66975353960208;NA;0
"Cahokia";1000;2.66975353960208;NA;0
"Cahokia";1100;4.62485085971008;NA;0
"Cahokia";1200;4.63825376825975;NA;0
"Cahokia";1300;4.08909967933287;NA;0
"Cahokia";1400;2.64097674977962;NA;0
"Cahokia";1500;2.64097674977962;NA;0
"Cahokia";1600;3.15491454555463;NA;0
"Cahokia";1700;3.93955610767458;NA;0
"Cambodian Basin";300;5.80037047177802;1;1
"Cambodian Basin";400;5.80037047177802;1;1
"Cambodian Basin";500;5.80037047177802;1;1
"Cambodian Basin";600;5.14146760686856;1;1
"Cambodian Basin";700;6.08684672023114;1;1
"Cambodian Basin";800;6.58848917354358;1;1
"Cambodian Basin";900;7.04980166483458;1;1
"Cambodian Basin";1000;6.76808247129697;1;1
"Cambodian Basin";1100;6.17609125905568;1;1
"Cambodian Basin";1200;6.17609125905568;1;1
"Cambodian Basin";1300;6.17609125905568;1;1
"Cambodian Basin";1400;6.17609125905568;1;1
"Cambodian Basin";1500;5.92285279292595;1;1
"Cambodian Basin";1600;6.07549402523253;1;1
"Cambodian Basin";1700;6.71616714169996;1;1
"Cambodian Basin";1800;6.63579299374782;1;1
"Central Java";800;5.42448593419823;1;1
"Central Java";900;5.42448593419823;1;1
"Central Java";1000;5.42448593419823;1;1
"Central Java";1100;5.36587756840351;1;1
"Central Java";1200;5.51224963089297;1;1
"Central Java";1300;6.69897000433602;1;1
"Central Java";1400;6.69897000433602;1;1
"Central Java";1500;6.69897000433602;1;1
"Central Java";1600;6.50009637891166;1;1
"Central Java";1700;6.50009637891166;1;1
"Chuuk Islands";1800;3.52964504793823;1;0
"Chuuk Islands";1900;3.96378782734556;1;1
"Cuzco";100;5.04993837130955;NA;0
"Cuzco";200;4.14153036924749;NA;0
"Cuzco";300;3.70901539405668;NA;0
"Cuzco";400;4.09208548642811;NA;0
"Cuzco";500;3.89006326902416;NA;0
"Cuzco";600;3.89006326902416;NA;0
"Cuzco";700;5.5186355523813;NA;0
"Cuzco";800;5.5186355523813;NA;0
"Cuzco";900;5.5186355523813;NA;0
"Cuzco";1000;5.79896639595263;NA;0
"Cuzco";1100;5.79896639595263;NA;0
"Cuzco";1200;5.79896639595263;NA;0
"Cuzco";1300;4.33952589396435;NA;0
"Cuzco";1400;7.49949918587256;0;0
"Cuzco";1500;6.91339943653105;0;0
"Deccan";-2700;3.38657596824423;NA;0
"Deccan";-2600;3.38657596824423;NA;0
"Deccan";-2500;3.38657596824423;NA;0
"Deccan";-2400;3.38657596824423;NA;0
"Deccan";-2300;3.38657596824423;NA;0
"Deccan";-2200;3.38657596824423;NA;0
"Deccan";-2100;3.38657596824423;NA;0
"Deccan";-2000;3.38657596824423;NA;0
"Deccan";-1900;3.38657596824423;NA;0
"Deccan";-1800;3.38657596824423;NA;0
"Deccan";-1700;3.38657596824423;NA;0
"Deccan";-1600;3.38657596824423;NA;0
"Deccan";-1500;3.38657596824423;NA;0
"Deccan";-1400;3.38657596824423;NA;0
"Deccan";-1300;3.38657596824423;NA;0
"Deccan";-1200;2.85912643338163;NA;0
"Deccan";-1100;2.85912643338163;NA;0
"Deccan";-1000;2.85912643338163;NA;0
"Deccan";-900;3.97695952055146;NA;0
"Deccan";-800;3.97695952055146;NA;0
"Deccan";-700;3.97695952055146;NA;0
"Deccan";-600;3.97695952055146;NA;0
"Deccan";-500;4.30993736093004;NA;0
"Deccan";-400;4.30993736093004;NA;0
"Kachi Plain";-300;7.25527250510331;1;1
"Deccan";-200;4.30993736093004;NA;0
"Deccan";-100;6.87412462769497;1;1
"Deccan";0;6.89362680327446;1;1
"Deccan";100;6.95513575878897;1;1
"Deccan";200;6.96868890113142;1;1
"Deccan";300;6.83223543683406;1;1
"Deccan";500;5.83340758504783;1;1
"Deccan";600;6.61981973554485;1;1
"Deccan";700;6.81185389544888;1;1
"Deccan";800;6.75986616453522;1;1
"Deccan";900;6.74987515985755;1;1
"Deccan";1000;6.88675064987804;1;1
"Deccan";1200;6.57342177062419;1;1
"Deccan";1300;6.01214640703827;1;1
"Deccan";1400;7.39794000867204;1;1
"Deccan";1500;7.39794000867204;1;1
"Deccan";1600;7.39794000867204;1;1
"Kachi Plain";1700;8.11114423903886;1;1
"Finger Lakes";1600;3.74036268949424;NA;0
"Finger Lakes";1700;4.84899045723984;NA;0
"Garo Hills";1800;3.44015771064837;0;0
"Ghanaian Coast";1600;5.07297005785592;1;0
"Ghanaian Coast";1700;5.07297005785592;1;0
"Ghanaian Coast";1800;6.08572724536879;1;1
"Iceland";1000;3.94316003993548;1;0
"Iceland";1100;4.49136169383427;1;0
"Iceland";1200;4.42296520956567;1;1
"Iceland";1300;4.73227062015047;1;1
"Kachi Plain";-7500;3.18165332339547;NA;0
"Kachi Plain";-7400;3.18165332339547;NA;0
"Kachi Plain";-7300;3.18165332339547;NA;0
"Kachi Plain";-7200;3.18165332339547;NA;0
"Kachi Plain";-7100;3.18165332339547;NA;0
"Kachi Plain";-7000;3.18165332339547;NA;0
"Kachi Plain";-6900;3.18165332339547;NA;0
"Kachi Plain";-6800;3.18165332339547;NA;0
"Kachi Plain";-6700;3.18165332339547;NA;0
"Kachi Plain";-6600;3.18165332339547;NA;0
"Kachi Plain";-6500;3.18165332339547;NA;0
"Kachi Plain";-6400;3.18165332339547;NA;0
"Kachi Plain";-6300;3.18165332339547;NA;0
"Kachi Plain";-6200;3.18165332339547;NA;0
"Kachi Plain";-6100;3.18165332339547;NA;0
"Kachi Plain";-6000;3.18165332339547;NA;0
"Kachi Plain";-5900;3.18165332339547;NA;0
"Kachi Plain";-5800;3.18165332339547;NA;0
"Kachi Plain";-5700;3.18165332339547;NA;0
"Kachi Plain";-5600;3.18165332339547;NA;0
"Kachi Plain";-5500;2.67786540933226;NA;0
"Kachi Plain";-5400;2.67786540933226;NA;0
"Kachi Plain";-5300;2.67786540933226;NA;0
"Kachi Plain";-5200;2.67786540933226;NA;0
"Kachi Plain";-5100;2.67786540933226;NA;0
"Kachi Plain";-5000;2.67786540933226;NA;0
"Kachi Plain";-4900;2.67786540933226;NA;0
"Kachi Plain";-4800;2.67786540933226;NA;0
"Kachi Plain";-4700;2.67786540933226;NA;0
"Kachi Plain";-4600;2.67786540933226;NA;0
"Kachi Plain";-4500;2.67786540933226;NA;0
"Kachi Plain";-4400;2.67786540933226;NA;0
"Kachi Plain";-4300;2.67786540933226;NA;0
"Kachi Plain";-4200;2.67786540933226;NA;0
"Kachi Plain";-4100;2.67786540933226;NA;0
"Kachi Plain";-4000;4.18697799128139;NA;0
"Kachi Plain";-3900;4.18697799128139;NA;0
"Kachi Plain";-3800;4.18697799128139;NA;0
"Kachi Plain";-3700;4.18697799128139;NA;0
"Kachi Plain";-3600;4.18697799128139;NA;0
"Kachi Plain";-3500;4.18697799128139;NA;0
"Kachi Plain";-3400;4.18697799128139;NA;0
"Kachi Plain";-3300;4.18697799128139;NA;0
"Kachi Plain";-3200;2.7197960879911;NA;0
"Kachi Plain";-3100;2.7197960879911;NA;0
"Kachi Plain";-3000;2.7197960879911;NA;0
"Kachi Plain";-2900;2.7197960879911;NA;0
"Kachi Plain";-2800;2.7197960879911;NA;0
"Kachi Plain";-2700;2.7197960879911;NA;0
"Kachi Plain";-2600;2.7197960879911;NA;0
"Kachi Plain";-2500;5.99751557206898;NA;1
"Kachi Plain";-2400;5.99751557206898;NA;1
"Kachi Plain";-2300;5.99751557206898;NA;1
"Kachi Plain";-2200;5.99751557206898;NA;1
"Kachi Plain";-2100;5.99751557206898;NA;1
"Kachi Plain";-2000;5.99751557206898;NA;1
"Kachi Plain";-1900;5.99751557206898;NA;1
"Kachi Plain";-1800;3.35104113238292;NA;0
"Kachi Plain";-1700;3.35104113238292;NA;0
"Kachi Plain";-1600;3.35104113238292;NA;0
"Kachi Plain";-1500;3.35104113238292;NA;0
"Kachi Plain";-1400;3.35104113238292;NA;0
"Kachi Plain";-1300;5.31098272262256;NA;0
"Kachi Plain";-1200;5.31098272262256;NA;0
"Kachi Plain";-1100;5.31098272262256;NA;0
"Kachi Plain";-1000;5.31098272262256;NA;0
"Kachi Plain";-900;5.31098272262256;NA;0
"Kachi Plain";-800;5.31098272262256;NA;0
"Kachi Plain";-700;5.31098272262256;NA;0
"Kachi Plain";-600;5.31098272262256;NA;0
"Susiana";-500;7.35258451398893;1;1
"Susiana";-400;7.20742550391035;1;1
"Kachi Plain";-300;7.25527250510331;1;1
"Kachi Plain";-200;7.25527250510331;1;1
"Kachi Plain";-100;6.33053539763283;1;1
"Susiana";0;7.17609125905568;1;1
"Sogdiana";100;7.18590197388978;1;1
"Sogdiana";200;6.65263619555617;1;1
"Susiana";300;6.69897000433602;1;1
"Susiana";400;6.69897000433602;1;1
"Sogdiana";500;7.42324587393681;1;1
"Susiana";600;7.34439227368511;1;1
"Susiana";700;7.42138280472106;1;1
"Susiana";800;7.46997409592485;1;1
"Kachi Plain";900;6;1;1
"Kachi Plain";1000;6;1;1
"Kachi Plain";1100;6;1;1
"Kachi Plain";1200;7.37724103022504;1;1
"Kachi Plain";1300;6;1;1
"Kachi Plain";1400;6.07258332428099;1;1
"Kachi Plain";1500;6.34242268082221;1;1
"Kachi Plain";1600;6.04428345649756;1;1
"Kachi Plain";1700;8.11114423903886;1;1
"Kachi Plain";1800;6.18171262261756;1;1
"Kansai";-300;3.38872418052871;NA;0
"Kansai";-200;3.38872418052871;NA;0
"Kansai";-100;3.38872418052871;NA;0
"Kansai";0;3.38872418052871;NA;0
"Kansai";100;3.38872418052871;NA;0
"Kansai";200;3.38872418052871;NA;0
"Kansai";300;5.29916133360579;NA;0
"Kansai";400;5.42934165588559;NA;1
"Kansai";500;5.5082236242031;NA;1
"Kansai";600;6.25810023623544;1;1
"Kansai";700;6.35230414901863;1;1
"Kansai";800;6.60205999132796;1;1
"Kansai";900;6.71887797242109;1;1
"Kansai";1000;6.68211139162811;1;1
"Kansai";1100;6.795667448338;1;1
"Kansai";1200;6.78421295023101;1;1
"Kansai";1300;6.76461325972591;1;1
"Kansai";1400;7.09691001300806;1;1
"Kansai";1500;7.23044892137827;1;1
"Kansai";1600;7.39794000867204;1;1
"Kansai";1700;7.46239799789896;1;1
"Kansai";1800;7.50514997831991;1;1
"Kapuasi Basin";1700;2.69897000433602;1;0
"Kapuasi Basin";1800;2.69897000433602;1;0
"Kapuasi Basin";1900;4.80986110039787;1;0
"Konya Plain";-9600;2.6146965456554;NA;0
"Konya Plain";-9500;2.6146965456554;NA;0
"Konya Plain";-9400;2.6146965456554;NA;0
"Konya Plain";-9300;2.6146965456554;NA;0
"Konya Plain";-9200;2.6146965456554;NA;0
"Konya Plain";-9100;2.6146965456554;NA;0
"Konya Plain";-9000;2.6146965456554;NA;0
"Konya Plain";-8900;2.6146965456554;NA;0
"Konya Plain";-8800;2.6146965456554;NA;0
"Konya Plain";-8700;2.6146965456554;NA;0
"Konya Plain";-8600;2.6146965456554;NA;0
"Konya Plain";-8500;2.6146965456554;NA;0
"Konya Plain";-8400;2.6146965456554;NA;0
"Konya Plain";-8300;2.6146965456554;NA;0
"Konya Plain";-8200;2.6146965456554;NA;0
"Konya Plain";-8100;2.6146965456554;NA;0
"Konya Plain";-8000;2.6146965456554;NA;0
"Konya Plain";-7900;2.6146965456554;NA;0
"Konya Plain";-7800;2.6146965456554;NA;0
"Konya Plain";-7700;2.6146965456554;NA;0
"Konya Plain";-7600;2.6146965456554;NA;0
"Konya Plain";-7500;2.6146965456554;NA;0
"Konya Plain";-7400;2.6146965456554;NA;0
"Konya Plain";-7300;2.6146965456554;NA;0
"Konya Plain";-7200;2.6146965456554;NA;0
"Konya Plain";-7100;2.6146965456554;NA;0
"Konya Plain";-7000;3.90850860075073;NA;0
"Konya Plain";-6900;3.90850860075073;NA;0
"Konya Plain";-6800;3.90850860075073;NA;0
"Konya Plain";-6700;3.90850860075073;NA;0
"Konya Plain";-6600;3.55053143846799;NA;0
"Konya Plain";-6500;3.55053143846799;NA;0
"Konya Plain";-6400;3.55053143846799;NA;0
"Konya Plain";-6300;3.55053143846799;NA;0
"Konya Plain";-6200;3.55053143846799;NA;0
"Konya Plain";-6100;3.55053143846799;NA;0
"Konya Plain";-6000;3.55580624407502;NA;0
"Konya Plain";-5900;3.55580624407502;NA;0
"Konya Plain";-5800;3.55580624407502;NA;0
"Konya Plain";-5700;3.55580624407502;NA;0
"Konya Plain";-5600;3.55580624407502;NA;0
"Konya Plain";-5000;2.73477969554298;NA;0
"Konya Plain";-4900;2.73477969554298;NA;0
"Konya Plain";-4800;2.73477969554298;NA;0
"Konya Plain";-4700;2.73477969554298;NA;0
"Konya Plain";-4600;2.73477969554298;NA;0
"Konya Plain";-4500;2.73477969554298;NA;0
"Konya Plain";-4400;2.73477969554298;NA;0
"Konya Plain";-4300;2.73477969554298;NA;0
"Konya Plain";-4200;2.73477969554298;NA;0
"Konya Plain";-4100;2.73477969554298;NA;0
"Konya Plain";-4000;2.73477969554298;NA;0
"Konya Plain";-3900;2.73477969554298;NA;0
"Konya Plain";-3800;2.73477969554298;NA;0
"Konya Plain";-3700;2.73477969554298;NA;0
"Konya Plain";-3600;2.73477969554298;NA;0
"Konya Plain";-3500;2.73477969554298;NA;0
"Konya Plain";-3400;2.73477969554298;NA;0
"Konya Plain";-3300;2.73477969554298;NA;0
"Konya Plain";-3200;2.73477969554298;NA;0
"Konya Plain";-3100;2.73477969554298;NA;0
"Konya Plain";-3000;5.38859225785205;NA;0
"Konya Plain";-2900;5.38859225785205;NA;0
"Konya Plain";-2800;5.38859225785205;NA;0
"Konya Plain";-2700;5.38859225785205;NA;0
"Konya Plain";-2600;5.38859225785205;NA;0
"Konya Plain";-2500;5.38859225785205;NA;0
"Konya Plain";-2400;5.38859225785205;NA;0
"Konya Plain";-2300;5.38859225785205;NA;0
"Konya Plain";-2200;5.38859225785205;NA;0
"Konya Plain";-2100;5.38859225785205;NA;0
"Konya Plain";-2000;5.00356577316624;NA;1
"Konya Plain";-1900;5.00356577316624;NA;1
"Konya Plain";-1800;5.00356577316624;NA;1
"Konya Plain";-1700;5.00356577316624;NA;1
"Konya Plain";-1600;6.04951412760099;1;1
"Konya Plain";-1500;5.52473071480019;1;1
"Konya Plain";-1400;5.52473071480019;1;1
"Konya Plain";-1300;6.23087144784055;1;1
"Konya Plain";-1200;6.23087144784055;1;1
"Konya Plain";-1100;5.20289930131292;1;1
"Konya Plain";-1000;5.20289930131292;1;1
"Konya Plain";-900;5.11549500287523;1;1
"Konya Plain";-800;6.16684355316448;NA;1
"Konya Plain";-700;6.16684355316448;NA;1
"Konya Plain";-600;6.36694031850193;NA;1
"Susiana";-500;7.35258451398893;1;1
"Susiana";-400;7.20742550391035;1;1
"Konya Plain";-300;6.3998254357995;1;1
"Susiana";-200;4.91090596427815;1;1
"Konya Plain";-100;5.51335297144578;1;1
"Latium";0;7.69897000433602;1;1
"Latium";100;7.74094284872473;1;1
"Latium";200;7.77959698930288;1;1
"Konya Plain";300;7.72792208605444;1;1
"Konya Plain";400;7.17609125905568;1;1
"Konya Plain";500;7.30102999566398;1;1
"Konya Plain";600;7.04139268515823;1;1
"Konya Plain";700;6.65321251377534;1;1
"Konya Plain";800;6.69897000433602;1;1
"Konya Plain";900;6.93999029169609;1;1
"Konya Plain";1000;7.12513692412954;1;1
"Konya Plain";1100;6.25367022174454;1;1
"Konya Plain";1200;6.25367022174454;1;1
"Susiana";1300;6.72015930340596;1;1
"Konya Plain";1400;6.84509804001426;1;1
"Konya Plain";1500;6.95424250943933;1;1
"Konya Plain";1600;7.44715803134222;1;1
"Konya Plain";1700;7.38021124171161;1;1
"Konya Plain";1800;7.38021124171161;1;1
"Latium";-3600;2.3995659670886;NA;0
"Latium";-3500;2.3995659670886;NA;0
"Latium";-3400;2.3995659670886;NA;0
"Latium";-3300;2.3995659670886;NA;0
"Latium";-3200;2.3995659670886;NA;0
"Latium";-3100;2.3995659670886;NA;0
"Latium";-3000;2.3995659670886;NA;0
"Latium";-2900;2.3995659670886;NA;0
"Latium";-2800;2.3995659670886;NA;0
"Latium";-2700;2.3995659670886;NA;0
"Latium";-2600;2.3995659670886;NA;0
"Latium";-2500;2.3995659670886;NA;0
"Latium";-2400;2.3995659670886;NA;0
"Latium";-2300;2.3995659670886;NA;0
"Latium";-2200;2.3995659670886;NA;0
"Latium";-2100;2.3995659670886;NA;0
"Latium";-2000;2.3995659670886;NA;0
"Latium";-1900;2.3995659670886;NA;0
"Latium";-1800;2.88880277400692;NA;0
"Latium";-1700;2.88880277400692;NA;0
"Latium";-1600;2.88880277400692;NA;0
"Latium";-1500;2.88880277400692;NA;0
"Latium";-1400;2.88880277400692;NA;0
"Latium";-1300;2.88880277400692;NA;0
"Latium";-1200;3.23075221333526;NA;0
"Latium";-1100;3.23075221333526;NA;0
"Latium";-1000;2.57664081372526;NA;0
"Latium";-900;2.57664081372526;NA;0
"Latium";-800;3.38051750680816;NA;0
"Latium";-700;4.49030098188944;NA;1
"Latium";-600;4.49030098188944;NA;1
"Latium";-500;5;1;1
"Latium";-400;5.17609125905568;1;1
"Latium";-300;5.82942305242289;1;1
"Latium";-200;6.60048932808493;1;1
"Latium";-100;7.44767078953131;1;1
"Latium";0;7.69897000433602;1;1
"Latium";100;7.74094284872473;1;1
"Latium";200;7.77959698930288;1;1
"Konya Plain";300;7.72792208605444;1;1
"Latium";400;7.15018674806233;1;1
"Latium";500;6.74036268949424;1;1
"Latium";600;6;1;1
"Latium";700;6.09691001300806;1;1
"Latium";800;5.87256327133052;1;1
"Latium";900;6.04681834376937;1;1
"Latium";1000;5.65050466314946;1;1
"Latium";1100;5.80658407354336;1;1
"Latium";1200;6.17342078780325;1;1
"Latium";1300;6.17342078780325;1;1
"Latium";1400;5.77815125038364;1;1
"Latium";1500;6.20411998265593;1;1
"Latium";1600;6.20411998265593;1;1
"Latium";1700;6.27875360095283;1;1
"Latium";1800;6.36172783601759;1;1
"Lena River Valley";1400;2.82300111166277;0;0
"Lena River Valley";1500;2.82300111166277;0;0
"Lena River Valley";1600;2.82300111166277;0;0
"Lowland Andes";1600;2.37429693719172;0;0
"Lowland Andes";1700;2.37429693719172;0;0
"Lowland Andes";1800;2.37429693719172;0;0
"Lowland Andes";1900;3.44133520633272;0;0
"Middle Yellow River Valley";-5000;3.77237693478826;NA;0
"Middle Yellow River Valley";-4900;3.77237693478826;NA;0
"Middle Yellow River Valley";-4800;3.77237693478826;NA;0
"Middle Yellow River Valley";-4700;3.77237693478826;NA;0
"Middle Yellow River Valley";-4600;3.77237693478826;NA;0
"Middle Yellow River Valley";-4500;3.77237693478826;NA;0
"Middle Yellow River Valley";-4400;3.77237693478826;NA;0
"Middle Yellow River Valley";-4300;3.77237693478826;NA;0
"Middle Yellow River Valley";-4200;3.77237693478826;NA;0
"Middle Yellow River Valley";-4100;3.77237693478826;NA;0
"Middle Yellow River Valley";-4000;3.77237693478826;NA;0
"Middle Yellow River Valley";-3900;3.77237693478826;NA;0
"Middle Yellow River Valley";-3800;3.77237693478826;NA;0
"Middle Yellow River Valley";-3700;3.77237693478826;NA;0
"Middle Yellow River Valley";-3600;3.77237693478826;NA;0
"Middle Yellow River Valley";-3500;3.77237693478826;NA;0
"Middle Yellow River Valley";-3400;3.77237693478826;NA;0
"Middle Yellow River Valley";-3300;3.77237693478826;NA;0
"Middle Yellow River Valley";-3200;3.77237693478826;NA;0
"Middle Yellow River Valley";-3100;3.77237693478826;NA;0
"Middle Yellow River Valley";-3000;5.43114784200245;NA;0
"Middle Yellow River Valley";-2900;5.43114784200245;NA;0
"Middle Yellow River Valley";-2800;5.43114784200245;NA;0
"Middle Yellow River Valley";-2700;5.43114784200245;NA;0
"Middle Yellow River Valley";-2600;5.43114784200245;NA;0
"Middle Yellow River Valley";-2500;5.43114784200245;NA;0
"Middle Yellow River Valley";-2400;5.43114784200245;NA;0
"Middle Yellow River Valley";-2300;5.43114784200245;NA;0
"Middle Yellow River Valley";-2200;5.43114784200245;NA;0
"Middle Yellow River Valley";-2100;5.43114784200245;NA;0
"Middle Yellow River Valley";-2000;5.43114784200245;NA;0
"Middle Yellow River Valley";-1900;5.43114784200245;NA;0
"Middle Yellow River Valley";-1800;5.071662254403;NA;0
"Middle Yellow River Valley";-1700;5.071662254403;NA;0
"Middle Yellow River Valley";-1600;6.48875893445324;NA;0
"Middle Yellow River Valley";-1500;6.48875893445324;NA;0
"Middle Yellow River Valley";-1400;6.48875893445324;NA;0
"Middle Yellow River Valley";-1300;6.48875893445324;NA;0
"Middle Yellow River Valley";-1200;6.69897000433602;0;1
"Middle Yellow River Valley";-1100;6.87474215865777;1;1
"Middle Yellow River Valley";-1000;6.69897000433602;1;1
"Middle Yellow River Valley";-900;7.03262785468037;1;1
"Middle Yellow River Valley";-800;7.13033376849501;1;1
"Middle Yellow River Valley";-700;6.31367865360752;1;1
"Middle Yellow River Valley";-600;6.31367865360752;1;1
"Middle Yellow River Valley";-500;6.31367865360752;1;1
"Middle Yellow River Valley";-400;6.36306649643535;1;1
"Middle Yellow River Valley";-300;7.20854516083791;1;1
"Middle Yellow River Valley";-200;7.72884568617329;1;1
"Middle Yellow River Valley";-100;7.72884568617329;1;1
"Middle Yellow River Valley";0;7.72884568617329;1;1
"Middle Yellow River Valley";100;7.6909082715081;1;1
"Middle Yellow River Valley";200;7.00862469034129;1;1
"Middle Yellow River Valley";300;7.67834547071545;NA;1
"Middle Yellow River Valley";400;6.85395139583482;1;1
"Middle Yellow River Valley";500;7.50514997831991;1;1
"Middle Yellow River Valley";600;7.66275783168157;1;1
"Middle Yellow River Valley";700;7.68124123737559;1;1
"Middle Yellow River Valley";800;7.71029729820668;1;1
"Middle Yellow River Valley";900;7.88866432930506;1;1
"Middle Yellow River Valley";1000;7.9234464847068;1;1
"Middle Yellow River Valley";1100;7.9234464847068;1;1
"Middle Yellow River Valley";1200;7.70711362850736;1;1
"Middle Yellow River Valley";1300;7.89556689125896;1;1
"Middle Yellow River Valley";1400;7.80998587341907;1;1
"Middle Yellow River Valley";1500;7.70679200707397;1;1
"Middle Yellow River Valley";1600;8.00038641936094;1;1
"Middle Yellow River Valley";1700;8.02153789761956;1;1
"Middle Yellow River Valley";1800;8.46982201597816;1;1
"Middle Yellow River Valley";1900;8.53046459828755;1;1
"Niger Inland Delta";-200;2.38719354532342;NA;0
"Niger Inland Delta";-100;2.38719354532342;NA;0
"Niger Inland Delta";0;2.38719354532342;NA;0
"Niger Inland Delta";100;3.38105370963027;NA;0
"Niger Inland Delta";200;3.38105370963027;NA;0
"Niger Inland Delta";300;3.38105370963027;NA;0
"Niger Inland Delta";400;4.22129276049808;NA;0
"Niger Inland Delta";500;4.22129276049808;NA;0
"Niger Inland Delta";600;4.22129276049808;NA;0
"Niger Inland Delta";700;4.22129276049808;NA;0
"Niger Inland Delta";800;4.22129276049808;NA;0
"Niger Inland Delta";900;4.4367804574569;NA;0
"Niger Inland Delta";1000;6.06429815586988;NA;0
"Niger Inland Delta";1100;6.1646496846167;1;1
"Niger Inland Delta";1200;6.1646496846167;1;1
"Niger Inland Delta";1300;6.6250783194934;NA;1
"Niger Inland Delta";1400;6.6250783194934;1;1
"Niger Inland Delta";1500;6.6458898851864;1;1
"Niger Inland Delta";1600;6.40209841844226;1;1
"Niger Inland Delta";1700;6.40209841844226;1;1
"Niger Inland Delta";1800;6.50953558771449;1;1
"North Colombia";300;4.67607495258698;NA;0
"North Colombia";400;4.67607495258698;NA;0
"North Colombia";500;4.67607495258698;NA;0
"North Colombia";600;2.84487842168024;NA;0
"North Colombia";700;4.39496373540006;NA;0
"North Colombia";800;2.90426438286204;NA;0
"North Colombia";900;3.32131231776609;NA;0
"North Colombia";1000;3.32131231776609;NA;0
"North Colombia";1100;3.32131231776609;0;0
"North Colombia";1200;3.32131231776609;0;0
"North Colombia";1300;3.32131231776609;0;0
"North Colombia";1400;3.8845129884363;0;0
"North Colombia";1500;3.8845129884363;0;0
"Orkhon Valley";-1400;4.68327186984472;NA;0
"Orkhon Valley";-1300;4.68327186984472;NA;0
"Orkhon Valley";-1200;4.68327186984472;NA;0
"Orkhon Valley";-1100;4.68327186984472;NA;0
"Orkhon Valley";-1000;4.68327186984472;NA;0
"Orkhon Valley";-900;4.68327186984472;NA;0
"Orkhon Valley";-800;4.68327186984472;NA;0
"Orkhon Valley";-700;4.68327186984472;NA;0
"Orkhon Valley";-600;4.68327186984472;NA;0
"Orkhon Valley";-500;4.68327186984472;NA;0
"Orkhon Valley";-400;4.9812900143653;NA;0
"Orkhon Valley";-300;4.9812900143653;NA;0
"Orkhon Valley";-200;6.17609125905568;NA;0
"Orkhon Valley";-100;6.17609125905568;NA;0
"Orkhon Valley";0;6.10240913495566;NA;0
"Orkhon Valley";100;6.03731263115716;NA;0
"Orkhon Valley";200;6.03731263115716;NA;0
"Orkhon Valley";300;5.74590015100985;NA;0
"Orkhon Valley";400;5.74590015100985;NA;0
"Orkhon Valley";500;5.74590015100985;1;1
"Orkhon Valley";600;5.64456381806466;1;1
"Orkhon Valley";700;5.65203146649595;1;1
"Orkhon Valley";800;5.68321872311698;1;1
"Orkhon Valley";900;5.68321872311698;1;1
"Orkhon Valley";1000;6.57978359661681;NA;1
"Orkhon Valley";1100;6.57978359661681;NA;1
"Orkhon Valley";1200;5.01215738343942;NA;0
"Orkhon Valley";1300;7.42775178561145;NA;1
"Orkhon Valley";1400;6.51412036298383;NA;1
"Orkhon Valley";1500;6.51412036298383;NA;1
"Orkhon Valley";1600;4.13083199906412;1;1
"Orkhon Valley";1700;5.82337344310523;1;1
"Middle Yellow River Valley";1800;8.46982201597816;1;1
"Middle Yellow River Valley";1900;8.53046459828755;1;1
"Oro PNG";1800;3.85475969927007;0;0
"Paris Basin";-3200;3.035945342575;NA;0
"Paris Basin";-3100;3.035945342575;NA;0
"Paris Basin";-3000;3.035945342575;NA;0
"Paris Basin";-2900;3.035945342575;NA;0
"Paris Basin";-2800;3.035945342575;NA;0
"Paris Basin";-2700;3.035945342575;NA;0
"Paris Basin";-2600;3.035945342575;NA;0
"Paris Basin";-2500;3.035945342575;NA;0
"Paris Basin";-2400;3.035945342575;NA;0
"Paris Basin";-2300;3.035945342575;NA;0
"Paris Basin";-2200;3.15412094371819;NA;0
"Paris Basin";-2100;3.15412094371819;NA;0
"Paris Basin";-2000;3.15412094371819;NA;0
"Paris Basin";-1900;3.15412094371819;NA;0
"Paris Basin";-1800;3.15412094371819;NA;0
"Paris Basin";-1700;3.15412094371819;NA;0
"Paris Basin";-1600;3.15412094371819;NA;0
"Paris Basin";-1500;3.15412094371819;NA;0
"Paris Basin";-1400;3.15412094371819;NA;0
"Paris Basin";-1300;3.15412094371819;NA;0
"Paris Basin";-1200;3.15412094371819;NA;0
"Paris Basin";-1100;3.15412094371819;NA;0
"Paris Basin";-1000;2.73653848362009;NA;0
"Paris Basin";-900;4.41585240020977;NA;0
"Paris Basin";-800;4.08782119687175;NA;0
"Paris Basin";-700;3.57731312314292;NA;0
"Paris Basin";-600;4.79119947000694;NA;0
"Paris Basin";-500;4.79119947000694;NA;0
"Paris Basin";-400;4.33577992800705;NA;0
"Paris Basin";-300;4.87253606551248;NA;1
"Paris Basin";-200;4.87253606551248;NA;1
"Paris Basin";-100;4.87508438198427;1;1
"Latium";0;7.69897000433602;1;1
"Latium";100;7.74094284872473;1;1
"Latium";200;7.77959698930288;1;1
"Konya Plain";300;7.72792208605444;1;1
"Paris Basin";500;6.18598708406972;1;1
"Paris Basin";600;6.01037949602411;1;1
"Paris Basin";700;6.0787563122141;1;1
"Paris Basin";800;7.17609125905568;1;1
"Paris Basin";900;6.68985860180447;1;1
"Paris Basin";1000;5.82198788229319;1;1
"Paris Basin";1100;5.82198788229319;1;1
"Paris Basin";1200;7.14612803567824;1;1
"Paris Basin";1300;7.23044892137827;1;1
"Paris Basin";1400;6.97772360528885;1;1
"Paris Basin";1500;7.25527250510331;1;1
"Paris Basin";1600;7.32221929473392;1;1
"Paris Basin";1700;7.40312052117582;1;1
"Sogdiana";-3500;4.76913902971042;NA;0
"Sogdiana";-3400;4.76913902971042;NA;0
"Sogdiana";-3300;4.76913902971042;NA;0
"Sogdiana";-3200;4.76913902971042;NA;0
"Sogdiana";-3100;4.76913902971042;NA;0
"Sogdiana";-3000;4.76913902971042;NA;0
"Sogdiana";-2900;4.76913902971042;NA;0
"Sogdiana";-2800;4.76913902971042;NA;0
"Sogdiana";-2700;4.76913902971042;NA;0
"Sogdiana";-2600;4.76913902971042;NA;0
"Sogdiana";-2500;4.76913902971042;NA;0
"Sogdiana";-2400;4.76913902971042;NA;0
"Sogdiana";-2300;4.76913902971042;NA;0
"Sogdiana";-2200;4.76913902971042;NA;0
"Sogdiana";-2100;4.76913902971042;NA;0
"Sogdiana";-2000;3.90677512472781;NA;0
"Sogdiana";-1900;3.90677512472781;NA;0
"Sogdiana";-1800;3.90677512472781;NA;0
"Sogdiana";-1700;3.90677512472781;NA;0
"Sogdiana";-1600;3.90677512472781;NA;0
"Sogdiana";-1500;3.90677512472781;NA;0
"Sogdiana";-1400;2.87590665702854;NA;0
"Sogdiana";-1300;2.87590665702854;NA;0
"Sogdiana";-1200;2.87590665702854;NA;0
"Sogdiana";-1100;2.87590665702854;NA;0
"Sogdiana";-1000;4.97898457105548;NA;0
"Sogdiana";-900;3.79904472100173;NA;0
"Sogdiana";-800;4.63473231128664;NA;0
"Sogdiana";-700;4.01667311488309;NA;0
"Sogdiana";-600;4.01667311488309;NA;0
"Susiana";-500;7.35258451398893;1;1
"Susiana";-400;7.20742550391035;1;1
"Susiana";-300;7.47712125471966;1;1
"Sogdiana";-200;7.16039262098499;1;1
"Sogdiana";-100;7.1175005224595;1;1
"Sogdiana";0;4.90492817100874;1;1
"Sogdiana";100;7.18590197388978;1;1
"Sogdiana";200;6.65263619555617;1;1
"Susiana";300;6.69897000433602;1;1
"Susiana";400;6.69897000433602;1;1
"Sogdiana";500;7.42324587393681;1;1
"Sogdiana";600;6.27667356721773;1;1
"Sogdiana";700;4.34937878785128;1;1
"Susiana";800;7.46997409592485;1;1
"Sogdiana";900;6.77815125038364;1;1
"Sogdiana";1000;6.39794000867204;1;1
"Sogdiana";1100;5.95007369382633;1;1
"Sogdiana";1200;6.31714851323388;1;1
"Sogdiana";1300;6.30967942812601;NA;1
"Sogdiana";1400;7.69019608002851;1;1
"Sogdiana";1500;6.87721847824635;1;1
"Sogdiana";1600;5.94780834740981;1;1
"Sogdiana";1700;5.90132759926972;1;1
"Southern China Hills";1800;5.30102999566398;NA;0
"Susiana";-7800;2.58565911941394;NA;0
"Susiana";-7700;2.58565911941394;NA;0
"Susiana";-7600;2.58565911941394;NA;0
"Susiana";-7500;2.58565911941394;NA;0
"Susiana";-7400;2.58565911941394;NA;0
"Susiana";-7300;2.58565911941394;NA;0
"Susiana";-7200;2.28039483239959;NA;0
"Susiana";-7100;2.28039483239959;NA;0
"Susiana";-7000;2.48534935328649;NA;0
"Susiana";-6900;2.48534935328649;NA;0
"Susiana";-6800;2.48534935328649;NA;0
"Susiana";-6700;2.48534935328649;NA;0
"Susiana";-6600;2.48534935328649;NA;0
"Susiana";-6500;2.48534935328649;NA;0
"Susiana";-6400;2.48534935328649;NA;0
"Susiana";-6300;2.48534935328649;NA;0
"Susiana";-6200;2.48534935328649;NA;0
"Susiana";-6100;2.48534935328649;NA;0
"Susiana";-6000;3.16058729233011;NA;0
"Susiana";-5900;3.16058729233011;NA;0
"Susiana";-5800;3.16058729233011;NA;0
"Susiana";-5700;4.49080381392678;NA;0
"Susiana";-5600;4.49080381392678;NA;0
"Susiana";-5500;4.49080381392678;NA;0
"Susiana";-5400;4.49080381392678;NA;0
"Susiana";-5300;4.49080381392678;NA;0
"Susiana";-5200;4.49080381392678;NA;0
"Susiana";-5100;4.61277652724656;NA;0
"Susiana";-5000;3.35231099514096;NA;0
"Susiana";-4900;3.35231099514096;NA;0
"Susiana";-4800;3.35231099514096;NA;0
"Susiana";-4700;4.74206851437334;NA;0
"Susiana";-4600;4.74206851437334;NA;0
"Susiana";-4500;4.74206851437334;NA;0
"Susiana";-4400;4.74206851437334;NA;0
"Susiana";-4300;4.01619721182146;NA;0
"Susiana";-4200;4.01619721182146;NA;0
"Susiana";-4100;4.01619721182146;NA;0
"Susiana";-4000;4.01619721182146;NA;0
"Susiana";-3900;3.02195658582939;NA;0
"Susiana";-3800;3.02195658582939;NA;1
"Susiana";-3700;4.01339633375658;NA;1
"Susiana";-3600;4.10812030688747;NA;1
"Susiana";-3500;4.05288144851238;NA;1
"Susiana";-3400;4.34335026482494;NA;1
"Susiana";-3300;4.38867594032232;NA;1
"Susiana";-3200;3.83884909073726;NA;1
"Susiana";-3100;3.83884909073726;NA;1
"Susiana";-3000;4.58516591693262;NA;1
"Susiana";-2900;4.58516591693262;NA;1
"Susiana";-2800;4.58516591693262;NA;1
"Susiana";-2700;4.58516591693262;NA;1
"Susiana";-2600;5.65268124557744;NA;1
"Susiana";-2500;5.65268124557744;NA;1
"Susiana";-2400;5.65268124557744;NA;1
"Susiana";-2300;5.65268124557744;NA;1
"Susiana";-2200;5.90210314649119;1;1
"Susiana";-2100;5.31102373811621;NA;1
"Susiana";-2000;6.93288642234459;NA;1
"Susiana";-1900;6.16265081073127;NA;1
"Susiana";-1800;7.06609588070017;NA;1
"Susiana";-1700;5.7734927421847;NA;1
"Susiana";-1600;5.02358496416745;NA;1
"Susiana";-1500;6.26600109013825;NA;1
"Susiana";-1400;6.89823149431683;NA;1
"Susiana";-1300;6.06930108900095;NA;1
"Susiana";-1200;5.9526544408234;NA;1
"Susiana";-1100;5.9526544408234;NA;1
"Susiana";-1000;5.9526544408234;NA;1
"Susiana";-900;6.65808554943775;NA;1
"Susiana";-800;6.65808554943775;NA;1
"Susiana";-700;6.37033402718205;NA;1
"Susiana";-600;4.91138403590144;NA;1
"Susiana";-500;7.35258451398893;1;1
"Susiana";-400;7.20742550391035;1;1
"Susiana";-300;7.47712125471966;1;1
"Susiana";-200;4.91090596427815;1;1
"Susiana";-100;6.73639650227664;1;1
"Susiana";0;7.17609125905568;1;1
"Susiana";100;5.95622038660036;NA;1
"Susiana";200;5.95622038660036;NA;1
"Susiana";300;6.69897000433602;1;1
"Susiana";400;6.69897000433602;1;1
"Susiana";500;6.94939000664491;1;1
"Susiana";600;7.34439227368511;1;1
"Susiana";700;7.42138280472106;1;1
"Susiana";800;7.46997409592485;1;1
"Susiana";900;7.01105067542867;1;1
"Susiana";1000;6.69578717906126;1;1
"Susiana";1100;7.08278537031645;1;1
"Susiana";1200;6.5910646070265;1;1
"Susiana";1300;6.72015930340596;1;1
"Sogdiana";1400;7.69019608002851;1;1
"Susiana";1500;6.72512000861969;1;1
"Susiana";1600;6.95424250943933;1;1
"Susiana";1700;6.95424250943933;1;1
"Upper Egypt";-4400;1.40832362151464;NA;0
"Upper Egypt";-4300;1.40832362151464;NA;0
"Upper Egypt";-4200;1.40832362151464;NA;0
"Upper Egypt";-4100;1.40832362151464;NA;0
"Upper Egypt";-4000;1.40832362151464;NA;0
"Upper Egypt";-3900;1.40832362151464;NA;0
"Upper Egypt";-3800;2.24997548099519;NA;0
"Upper Egypt";-3700;3.74392667214903;NA;0
"Upper Egypt";-3600;5.17836877008656;NA;0
"Upper Egypt";-3500;4.11394335230684;NA;0
"Upper Egypt";-3400;4.69897000433602;NA;0
"Upper Egypt";-3300;4.69897000433602;NA;1
"Upper Egypt";-3200;4.69897000433602;NA;1
"Upper Egypt";-3100;5.93673838898824;NA;1
"Upper Egypt";-3000;5.93673838898824;NA;1
"Upper Egypt";-2900;6.03915420866838;1;1
"Upper Egypt";-2800;6.03915420866838;1;1
"Upper Egypt";-2700;6.03915420866838;1;1
"Upper Egypt";-2600;5.93803200387558;1;1
"Upper Egypt";-2500;5.93803200387558;1;1
"Upper Egypt";-2400;5.93803200387558;1;1
"Upper Egypt";-2300;6.17609125905568;1;1
"Upper Egypt";-2200;6.17609125905568;1;1
"Upper Egypt";-2100;5.43491405670351;1;1
"Upper Egypt";-2000;6.33556457863163;1;1
"Upper Egypt";-1900;6.33556457863163;1;1
"Upper Egypt";-1800;6.33556457863163;1;1
"Upper Egypt";-1700;6.1753780236565;1;1
"Upper Egypt";-1600;6.1753780236565;1;1
"Upper Egypt";-1500;7;1;1
"Upper Egypt";-1400;7;1;1
"Upper Egypt";-1300;7;1;1
"Upper Egypt";-1200;6.41887146964105;1;1
"Upper Egypt";-1100;6.41887146964105;1;1
"Upper Egypt";-1000;6.80421103471472;1;1
"Upper Egypt";-900;6.55687602325184;1;1
"Upper Egypt";-800;6.55687602325184;1;1
"Upper Egypt";-700;6.45288032699969;1;1
"Upper Egypt";-600;6.28355698848623;1;1
"Susiana";-500;7.35258451398893;1;1
"Upper Egypt";-400;6.46498535982717;1;1
"Upper Egypt";-300;6.84509804001426;1;1
"Upper Egypt";-200;6.60205999132796;1;1
"Upper Egypt";-100;6.60205999132796;1;1
"Latium";0;7.69897000433602;1;1
"Latium";100;7.74094284872473;1;1
"Latium";200;7.77959698930288;1;1
"Konya Plain";300;7.72792208605444;1;1
"Konya Plain";400;7.17609125905568;1;1
"Konya Plain";500;7.30102999566398;1;1
"Konya Plain";600;7.04139268515823;1;1
"Susiana";700;7.42138280472106;1;1
"Susiana";800;7.46997409592485;1;1
"Upper Egypt";900;6.81291335664286;1;1
"Upper Egypt";1000;7.12048292992719;1;1
"Upper Egypt";1100;6.62042661697143;1;1
"Upper Egypt";1200;6.97805822542567;1;1
"Upper Egypt";1300;6.80982098325553;1;1
"Upper Egypt";1400;6.68124123737559;1;1
"Upper Egypt";1500;6.77815125038364;1;1
"Konya Plain";1600;7.44715803134222;1;1
"Konya Plain";1700;7.38021124171161;1;1
"Valley of Oaxaca";-1400;2.19961341919574;NA;0
"Valley of Oaxaca";-1300;2.19961341919574;NA;0
"Valley of Oaxaca";-1200;2.19961341919574;NA;0
"Valley of Oaxaca";-1100;2.39712508506953;NA;0
"Valley of Oaxaca";-1000;2.39712508506953;NA;0
"Valley of Oaxaca";-900;2.39712508506953;NA;0
"Valley of Oaxaca";-800;2.39712508506953;NA;0
"Valley of Oaxaca";-700;2.99125544203001;NA;1
"Valley of Oaxaca";-600;2.99125544203001;NA;1
"Valley of Oaxaca";-500;3.96521686768218;NA;1
"Valley of Oaxaca";-400;3.96521686768218;NA;1
"Valley of Oaxaca";-300;4.69897000433602;NA;1
"Valley of Oaxaca";-200;4.69897000433602;NA;1
"Valley of Oaxaca";-100;4.62332094945154;NA;1
"Valley of Oaxaca";0;4.62332094945154;NA;1
"Valley of Oaxaca";100;4.62332094945154;NA;1
"Valley of Oaxaca";200;4.47791088266692;NA;0
"Valley of Oaxaca";300;4.47791088266692;NA;0
"Valley of Oaxaca";400;4.47791088266692;NA;0
"Valley of Oaxaca";500;3.93306274773196;NA;1
"Valley of Oaxaca";600;3.93306274773196;NA;1
"Valley of Oaxaca";700;3.93306274773196;NA;1
"Valley of Oaxaca";800;3.93306274773196;NA;1
"Valley of Oaxaca";900;3.97931689130533;NA;1
"Valley of Oaxaca";1000;3.97931689130533;NA;1
"Valley of Oaxaca";1100;3.97931689130533;NA;1
"Valley of Oaxaca";1200;3.97931689130533;NA;1
"Valley of Oaxaca";1300;3.97931689130533;NA;1
"Valley of Oaxaca";1400;3.97931689130533;NA;1
"Valley of Oaxaca";1500;3.97931689130533;NA;1
"Yemeni Coastal Plain";400;5.63313306504109;1;1
"Yemeni Coastal Plain";500;5.63313306504109;1;1
"Susiana";600;7.34439227368511;1;1
"Susiana";700;7.42138280472106;1;1
"Yemeni Coastal Plain";900;6.88092210319137;1;1
"Yemeni Coastal Plain";1000;6.88092210319137;1;1
"Yemeni Coastal Plain";1100;7.00852251877278;1;1
"Upper Egypt";1200;6.97805822542567;1;1
"Yemeni Coastal Plain";1300;6.76308318832776;1;1
"Yemeni Coastal Plain";1400;6.76308318832776;1;1
"Yemeni Coastal Plain";1500;6.51962079819262;1;1
"Konya Plain";1600;7.44715803134222;1;1
"Yemeni Coastal Plain";1700;3.88260625387448;1;1
"Yemeni Coastal Plain";1800;3.88260625387448;1;1
