isocode;isonum;country;rugged;rugged_popw;rugged_slope;rugged_lsd;rugged_pc;land_area;lat;lon;soil;desert;tropical;dist_coast;near_coast;gemstones;rgdppc_2000;rgdppc_1950_m;rgdppc_1975_m;rgdppc_2000_m;rgdppc_1950_2000_m;q_rule_law;cont_africa;cont_asia;cont_europe;cont_oceania;cont_north_america;cont_south_america;legor_gbr;legor_fra;legor_soc;legor_deu;legor_sca;colony_esp;colony_gbr;colony_fra;colony_prt;colony_oeu;africa_region_n;africa_region_s;africa_region_w;africa_region_e;africa_region_c;slave_exports;dist_slavemkt_atlantic;dist_slavemkt_indian;dist_slavemkt_saharan;dist_slavemkt_redsea;pop_1400;european_descent
"ABW";533;"Aruba";0.462;0.380;1.226;0.144;0.000;18;12.508;-69.970;21.324;0.000;100.000;0.001;100;0;;;;;;;0;0;0;0;1;0;0;1;0;0;0;0;0;0;0;0;0;0;0;0;0;0.000;;;;;614;
"AFG";4;"Afghanistan";2.518;1.469;7.414;0.720;39.004;65209;33.833;66.026;27.849;4.356;0.000;0.922;0;0;;644.756;720.633;565.231;679.791;-1.687;0;1;0;0;0;0;0;1;0;0;0;0;0;0;0;0;0;0;0;0;0;0.000;;;;;1870829;0.000
"AGO";24;"Angola";0.858;0.714;2.274;0.228;4.906;124670;-12.299;17.551;26.676;0.425;44.346;0.428;13.1587;47756;1794.729;1051.822;1073.036;765.215;1106.763;-1.567;1;0;0;0;0;0;0;1;0;0;0;0;0;0;1;0;0;0;0;0;1;3.61e+06;5.669;6.981;4.926;3.872;1223208;2.000
"AIA";660;"Anguilla";0.013;0.010;0.026;0.006;0.000;9;18.231;-63.064;100.000;0.000;100.000;0.000;100;0;;;;;;;0;0;0;0;1;0;;;;;;0;0;0;0;0;0;0;0;0;0;0.000;;;;;;
"ALB";8;"Albania";3.427;1.597;10.451;1.006;62.133;2740;41.143;20.070;68.088;0.000;0.000;0.048;94.6919;0;3703.113;1001.339;2289.472;2741.420;1931.784;-0.820;0;0;1;0;0;0;0;0;1;0;0;0;0;0;0;0;0;0;0;0;0;0.000;;;;;200000;100.000
"AND";20;"Andorra";5.717;6.722;17.774;1.616;99.064;47;42.551;1.576;0.000;0.000;0.000;0.134;0;0;;;;;;1.515;0;0;1;0;0;0;0;1;0;0;0;0;0;0;0;0;0;0;0;0;0;0.000;;;;;;
"ANT";530;"Netherlands Antilles";0.255;0.039;0.680;0.080;0.000;80;12.725;-68.157;24.595;0.000;74.555;0.001;100;0;;;;;;;0;0;0;0;1;0;0;1;0;0;0;0;0;0;0;0;0;0;0;0;0;0.000;;;;;1802;
"ARE";784;"United Arab Emirates";0.769;0.316;2.112;0.191;6.142;8360;23.913;54.331;0.000;77.280;0.000;0.065;75.7464;0;20604.460;15797.558;25465.002;17567.883;20119.992;0.913;0;1;0;0;0;0;1;0;0;0;0;0;1;0;0;0;0;0;0;0;0;0.000;;;;;19200;0.000
"ARG";32;"Argentina";0.775;0.220;2.268;0.226;9.407;273669;-35.396;-65.170;35.678;0.000;0.000;0.352;13.0167;0;12173.680;4986.725;8122.497;8543.558;6926.810;0.033;0;0;0;0;0;1;0;1;0;0;0;1;0;0;0;0;0;0;0;0;0;0.000;;;;;276632;89.889
"ARM";51;"Armenia";2.688;0.934;8.178;0.799;50.556;2820;40.294;44.938;30.148;0.000;0.000;0.348;0;0;2421.985;;;4565.035;;-0.453;0;1;0;0;0;0;0;0;1;0;0;0;0;0;0;0;0;0;0;0;0;0.000;;;;;105743;0.500
"ASM";16;"American Samoa";2.647;1.630;7.032;0.792;44.303;20;-14.200;-170.388;100.000;0.000;100.000;0.000;100;0;;;;;;;0;0;0;1;0;0;1;0;0;0;0;0;0;0;0;0;0;0;0;0;0;0.000;;;;;;
"ATG";28;"Antigua and Barbuda";0.006;0.003;0.012;0.003;0.000;44;17.271;-61.800;100.000;0.000;100.000;0.001;100;0;10022.030;;;;;0.990;0;0;0;0;1;0;1;0;0;0;0;0;1;0;0;0;0;0;0;0;0;0.000;;;;;747;
"AUS";36;"Australia";0.143;0.183;0.405;0.045;0.685;768230;-25.733;134.487;14.248;10.889;14.680;0.336;20.9399;264154;25417.440;7411.577;13169.830;21605.334;13184.232;1.773;0;0;0;1;0;0;1;0;0;0;0;0;1;0;0;0;0;0;0;0;0;0.000;;;;;200000;89.954
"AUT";40;"Austria";3.513;1.152;11.095;1.008;54.307;8245;47.589;14.140;55.098;0.000;0.000;0.242;2.25634;0;28987.840;3706.075;11646.408;20691.416;11601.704;1.853;0;0;1;0;0;0;0;0;0;1;0;0;0;0;0;0;0;0;0;0;0;0.000;;;;;1250000;98.400
"AZE";31;"Azerbaijan";1.672;0.534;5.080;0.490;27.713;8260.5;40.288;47.528;60.957;0.000;0.000;0.584;0;0;2570.944;;;2538.140;;-1.007;0;1;0;0;0;0;0;0;1;0;0;0;0;0;0;0;0;0;0;0;0;0.000;;;;;226250;4.000
"BDI";108;"Burundi";1.780;1.586;4.721;0.500;27.519;2568;-3.365;29.887;24.049;0.000;75.354;0.906;0;0;621.652;360.142;534.858;495.977;530.763;-1.250;1;0;0;0;0;0;0;1;0;0;0;0;0;0;0;1;0;0;0;1;0;86.997;10.626;2.570;3.719;2.215;239693;0.000
"BEL";56;"Belgium";0.388;0.261;1.239;0.109;0.178;3023;50.642;4.661;48.967;0.000;0.000;0.113;45.9637;0;27302.990;5462.205;12440.785;20656.459;12223.306;1.413;0;0;1;0;0;0;0;1;0;0;0;0;0;0;0;0;0;0;0;0;0;0.000;;;;;773466;98.000
"BEN";204;"Benin";0.141;0.099;0.377;0.045;0.014;11062;9.650;2.339;74.973;0.000;97.489;0.367;10.2806;0;959.222;1083.628;969.318;1282.898;1082.474;-0.230;1;0;0;0;0;0;0;1;0;0;0;0;0;1;0;0;0;0;1;0;0;4.57e+05;5.121;9.234;2.835;3.902;348867;0.000
"BFA";854;"Burkina Faso";0.236;0.214;0.638;0.066;0.051;27360;12.274;-1.747;56.909;0.000;49.820;0.735;0;0;998.416;474.313;669.515;921.090;719.511;-0.520;1;0;0;0;0;0;0;1;0;0;0;0;0;1;0;0;0;0;1;0;0;1.67e+05;4.775;9.299;2.764;4.239;692976;0.000
"BGD";50;"Bangladesh";0.186;0.065;0.502;0.053;1.817;13017;23.848;90.270;41.883;0.000;75.038;0.071;71.3844;0;1479.086;539.544;528.607;861.700;599.122;-0.807;0;1;0;0;0;0;1;0;0;0;0;0;1;0;0;0;0;0;0;0;0;0.000;;;;;9103705;0.000
"BGR";100;"Bulgaria";1.479;0.711;4.498;0.427;20.196;11063;42.765;25.239;82.101;0.000;0.000;0.149;31.4395;0;5979.171;1651.031;5830.809;5349.921;4567.501;-0.160;0;0;1;0;0;0;0;0;1;0;0;0;0;0;0;0;0;0;0;0;0;0.000;;;;;894427;98.850
"BHR";48;"Bahrain";0.231;0.163;0.627;0.063;0.000;71;26.025;50.565;0.000;0.000;0.000;0.002;100;0;15928.090;2104.454;3922.257;5058.844;3776.897;0.457;0;1;0;0;0;0;1;0;0;0;0;0;1;0;0;0;0;0;0;0;0;0.000;;;;;31897;0.000
"BHS";44;"Bahamas";0.055;0.100;0.144;0.017;0.000;1001;24.255;-76.610;13.924;0.000;100.000;0.003;100;0;16977.200;;;;;1.063;0;0;0;0;1;0;1;0;0;0;0;0;1;0;0;0;0;0;0;0;0;0.000;;;;;1276;
"BIH";70;"Bosnia and Herzegovina";2.311;1.288;7.075;0.665;40.253;5120;44.175;17.784;76.888;0.000;0.000;0.117;42.7623;0;5294.975;;;5572.282;;-0.440;0;0;1;0;0;0;0;0;1;0;0;0;0;0;0;0;0;0;0;0;0;0.000;;;;;366341;100.000
"BLR";112;"Belarus";0.164;0.208;0.540;0.046;0.000;20748;53.542;28.054;50.611;0.000;0.000;0.598;0;0;4802.110;;;6264.544;;-0.900;0;0;1;0;0;0;0;0;1;0;0;0;0;0;0;0;0;0;0;0;0;0.000;;;;;487364;100.000
"BLZ";84;"Belize";0.607;0.226;1.616;0.174;6.568;2281;17.205;-88.687;35.490;0.000;100.000;0.026;100;0;5869.233;;;;;0.257;0;0;0;0;1;0;1;0;0;0;0;0;1;0;0;0;0;0;0;0;0;0.000;;;;;5326;39.910
"BMU";60;"Bermuda";0.015;0.014;0.030;0.006;0.000;5;32.310;-64.772;20.000;0.000;0.000;0.000;100;0;;;;;;1.255;0;0;0;0;1;0;1;0;0;0;0;0;0;0;0;0;0;0;0;0;0;0.000;;;;;601;
"BOL";68;"Bolivia";0.853;0.911;2.343;0.258;13.570;108438;-16.710;-64.662;31.807;0.000;64.878;0.655;0;0;2398.855;1919.359;2515.915;2574.755;2153.277;-0.327;0;0;0;0;0;1;0;1;0;0;0;1;0;0;0;0;0;0;0;0;0;0.000;;;;;829897;26.732
"BRA";76;"Brazil";0.240;0.250;0.654;0.076;0.558;845942;-10.775;-53.085;18.783;0.000;88.567;0.642;9.68309;12159;7300.865;1671.723;4189.509;5556.415;3761.573;-0.257;0;0;0;0;0;1;0;1;0;0;0;0;0;0;1;0;0;0;0;0;0;0.000;;;;;931150;74.430
"BRB";52;"Barbados";0.963;0.695;2.581;0.289;3.823;43;13.167;-59.555;30.588;0.000;100.000;0.002;100;0;15290.579;;;;;0.760;0;0;0;0;1;0;1;0;0;0;0;0;1;0;0;0;0;0;0;0;0;0.000;;;;;3403;
"BRN";96;"Brunei Darussalam";0.520;0.134;1.366;0.162;5.089;527;4.521;114.748;62.290;0.000;100.000;0.023;100;0;;;;;;0.590;0;1;0;0;0;0;1;0;0;0;0;0;1;0;0;0;0;0;0;0;0;0.000;;;;;2328;
"BTN";64;"Bhutan";6.740;4.913;19.325;1.962;96.475;4700;27.417;90.435;66.365;0.000;0.000;0.389;0;0;;;;;;-0.277;0;1;0;0;0;0;1;0;0;0;0;0;1;0;0;0;0;0;0;0;0;0.000;;;;;36082;0.000
"BWA";72;"Botswana";0.181;0.478;0.488;0.048;0.301;56673;-22.189;23.814;15.249;1.455;0.000;0.764;0;208687;7702.508;348.507;1223.490;4268.641;1631.317;0.580;1;0;0;0;0;0;1;0;0;0;0;0;1;0;0;0;0;1;0;0;0;0.000;5.686;5.765;5.857;4.300;80312;1.500
"CAF";140;"Central African Republic";0.197;0.257;0.528;0.060;0.033;62300;6.574;20.487;10.967;0.000;97.382;1.081;0;10802;1148.051;771.577;781.799;575.543;757.838;-1.070;1;0;0;0;0;0;0;1;0;0;0;0;0;1;0;0;0;0;0;0;1;2009.941;5.642;8.772;2.840;2.293;387580;0.600
"CAN";124;"Canada";0.775;0.370;2.695;0.230;9.122;909351;61.495;-98.334;16.794;0.000;0.000;1.430;4.4433;5166;27289.260;7291.480;14316.263;22360.119;14002.496;1.757;0;0;0;0;1;0;1;0;0;0;0;0;1;0;0;0;0;0;0;0;0;0.000;;;;;174110;85.330
"CCK";166;"Cocos (Keeling) Islands";0.015;0.018;0.031;0.005;0.000;1;-12.122;96.867;;0.000;100.000;0.000;100;0;;;;;;;0;0;0;1;0;0;;;;;;0;0;0;0;0;0;0;0;0;0;0.000;;;;;;
"CHE";756;"Switzerland";4.761;1.450;14.999;1.388;66.060;4000;46.806;8.226;39.341;0.000;0.000;0.278;0;0;30161.290;9063.698;17224.018;22474.859;16696.838;2.023;0;0;1;0;0;0;0;0;0;1;0;0;0;0;0;0;0;0;0;0;0;0.000;;;;;600000;98.500
"CHL";152;"Chile";2.481;0.677;7.365;0.731;38.199;74880;-37.937;-71.384;22.158;15.489;0.000;0.074;68.3825;0;9115.475;3669.742;4273.292;10310.834;5636.808;1.183;0;0;0;0;0;1;0;1;0;0;0;1;0;0;0;0;0;0;0;0;0;0.000;;;;;553265;59.190
"CHN";156;"China";1.878;0.708;5.493;0.537;28.648;932748;36.564;103.836;22.836;5.770;0.301;0.987;5.76513;4410;3928.315;448.022;871.181;3420.866;1268.328;-0.357;0;1;0;0;0;0;0;0;1;0;0;0;0;0;0;0;0;0;0;0;0;0.000;;;;;80943756;0.000
"CIV";384;"Cote d'Ivoire";0.224;0.159;0.594;0.069;0.493;31800;7.623;-5.554;26.151;0.000;100.000;0.284;16.359;3239;1575.628;1040.878;1800.013;1352.019;1536.270;-0.860;1;0;0;0;0;0;0;1;0;0;0;0;0;1;0;0;0;0;1;0;0;52645.949;4.186;9.457;3.353;4.794;435857;0.000
"CMR";120;"Cameroon";0.515;0.545;1.374;0.157;4.031;46540;5.697;12.743;27.829;0.000;94.120;0.389;10.9018;0;1882.687;670.951;1051.615;1082.339;1036.539;-1.287;1;0;0;0;0;0;0;1;0;0;0;0;0;1;0;0;0;0;0;0;1;66718.812;5.642;8.772;3.003;3.051;1317285;0.000
"COD";180;"Democratic Republic of the Congo";0.443;0.531;1.177;0.126;2.763;226705;-2.879;23.658;16.001;0.000;94.866;1.016;.686405;87149;668.663;569.742;760.789;216.950;611.093;-2.050;1;0;0;0;0;0;0;1;0;0;0;0;0;0;0;1;0;0;0;0;1;7.67e+05;5.712;7.643;3.748;2.687;3593277;0.460
"COG";178;"Congo";0.152;0.411;0.406;0.049;0.243;34150;-0.831;15.246;4.063;0.000;100.000;0.457;4.83001;0;957.403;1198.207;2191.133;2005.219;1914.573;-1.413;1;0;0;0;0;0;0;1;0;0;0;0;0;1;0;0;0;0;0;0;1;94662.922;5.527;7.924;3.697;3.227;238219;0.000
"COK";184;"Cook Islands";0.960;0.594;2.641;0.300;14.999;24;-19.213;-158.978;25.000;0.000;100.000;0.000;100;0;;;;;;0.860;0;0;0;1;0;0;1;0;0;0;0;0;0;0;0;0;0;0;0;0;0;0.000;;;;;;
"COL";170;"Colombia";0.885;0.890;2.376;0.277;14.366;110950;3.838;-72.866;30.444;0.000;89.763;0.379;16.7275;0;6243.656;2152.841;3622.226;5095.796;3661.919;-0.767;0;0;0;0;0;1;0;1;0;0;0;1;0;0;0;0;0;0;0;0;0;0.000;;;;;902880;45.600
"COM";174;"Comoros";3.328;2.172;9.049;1.063;64.479;186.1;-11.888;43.671;56.043;0.000;100.000;0.003;100;0;1770.218;560.305;804.062;580.913;730.933;-1.280;1;0;0;0;0;0;0;1;0;0;0;0;0;1;0;0;0;0;0;1;0;0.000;10.131;1.754;4.846;2.610;0;0.000
"CPV";132;"Cape Verde";2.367;1.399;6.502;0.759;40.048;403;15.942;-23.981;11.663;0.000;0.000;0.004;100;0;4859.108;449.648;524.742;1776.535;809.993;0.710;1;0;0;0;0;0;0;1;0;0;0;0;0;0;1;0;0;0;1;0;0;0.000;3.647;11.600;3.482;6.465;0;41.400
"CRI";188;"Costa Rica";2.112;1.044;5.708;0.623;36.610;5106;9.969;-84.199;52.082;0.000;94.017;0.031;100;0;8621.291;1963.132;4396.007;6173.734;3955.164;0.637;0;0;0;0;1;0;0;1;0;0;0;1;0;0;0;0;0;0;0;0;0;0.000;;;;;74647;60.390
"CUB";192;"Cuba";0.528;0.293;1.448;0.153;6.129;10982;21.626;-79.018;45.947;0.000;100.000;0.020;100;0;;2046.226;2404.287;2415.604;2334.104;-0.877;0;0;0;0;1;0;0;0;1;0;0;1;0;0;0;0;0;0;0;0;0;0.000;;;;;95479;63.000
"CXR";162;"Christmas Island";1.321;1.422;3.477;0.403;14.025;13.5;-10.488;105.643;;0.000;100.000;0.000;100;0;;;;;;;0;1;0;0;0;0;;;;;;0;0;0;0;0;0;0;0;0;0;0.000;;;;;;
"CYM";136;"Cayman Islands";0.096;0.085;0.237;0.028;0.000;26;19.414;-80.926;100.000;0.000;100.000;0.001;100;0;;;;;;1.515;0;0;0;0;1;0;1;0;0;0;0;0;0;0;0;0;0;0;0;0;0;0.000;;;;;;
"CYP";196;"Cyprus";2.718;0.909;7.867;0.706;44.072;924;35.049;33.235;26.866;0.000;0.000;0.012;100;0;20318.000;;;;;0.817;0;1;0;0;0;0;1;0;0;0;0;0;1;0;0;0;0;0;0;0;0;0.000;;;;;150000;1.000
"CZE";203;"Czech Republic";0.884;0.578;2.845;0.252;4.154;7727;49.739;15.334;88.653;0.000;0.000;0.426;0;0;15373.230;;;9155.582;;0.793;0;0;1;0;0;0;0;0;1;0;0;0;0;0;0;0;0;0;0;0;0;0.000;;;;;1801067;100.000
"DEU";276;"Germany";0.597;0.405;1.906;0.168;3.001;34877;51.110;10.392;61.338;0.000;0.000;0.246;19.7358;0;25481.430;3880.887;12040.607;18943.516;11932.706;1.710;0;0;1;0;0;0;0;0;0;1;0;0;0;0;0;0;0;0;0;0;0;0.000;;;;;6500000;97.600
"DJI";262;"Djibouti";2.432;0.804;6.416;0.627;39.024;2318;11.735;42.580;0.000;0.000;0.000;0.038;100;0;1881.967;1499.582;2065.445;1102.543;1647.355;-0.577;1;0;0;0;0;0;0;1;0;0;0;0;0;1;0;0;0;0;0;1;0;4.176;14.408;2.682;2.351;0.064;34822;
"DMA";212;"Dominica";0.003;0.008;0.005;0.001;0.000;75;15.427;-61.356;36.405;0.000;100.000;0.003;100;0;5931.715;;;;;0.495;0;0;0;0;1;0;1;0;0;0;0;0;1;0;0;0;0;0;0;0;0;0.000;;;;;824;
"DNK";208;"Denmark";0.189;0.191;0.611;0.054;0.000;4243;55.987;10.027;56.165;0.000;0.000;0.019;100;0;28750.610;6943.104;13621.125;22975.162;13991.603;1.837;0;0;1;0;0;0;0;0;0;0;1;0;0;0;0;0;0;0;0;0;0;0.000;;;;;600000;99.200
"DOM";214;"Dominican Republic";1.641;0.519;4.495;0.484;26.179;4838;18.895;-70.493;39.479;0.000;87.817;0.029;100;0;6410.803;1026.788;2111.321;3649.014;1989.486;-0.520;0;0;0;0;1;0;0;1;0;0;0;1;0;0;0;0;0;0;0;0;0;0.000;;;;;39145;52.000
"DZA";12;"Algeria";0.510;1.368;1.445;0.140;4.885;238174;28.168;2.647;9.590;23.277;0.000;0.752;4.17952;0;5417.910;1364.740;2521.953;2864.551;2389.185;-1.153;1;0;0;0;0;0;0;1;0;0;0;0;0;1;0;0;1;0;0;0;0;61834.148;6.559;14.912;0.985;3.654;1588836;0.000
"ECU";218;"Ecuador";1.278;0.766;3.446;0.405;20.090;27684;-1.434;-78.770;44.308;0.000;73.165;0.157;37.3544;0;3373.415;1862.933;3459.407;3203.386;3209.836;-0.587;0;0;0;0;0;1;0;1;0;0;0;1;0;0;0;0;0;0;0;0;0;0.000;;;;;553265;31.976
"EGY";818;"Egypt";0.723;0.274;2.001;0.186;5.764;99545;26.562;29.782;0.007;16.498;0.000;0.325;22.7899;0;3598.329;909.903;1420.783;2936.674;1711.680;-0.030;1;0;0;0;0;0;0;1;0;0;0;0;1;0;0;0;1;0;0;0;0;1491.701;16.393;4.667;0.430;1.113;4182558;0.000
"ERI";232;"Eritrea";2.481;1.911;6.663;0.658;37.141;10100;15.365;38.848;20.146;1.764;0.000;0.104;56.1576;0;911.884;;;;;-0.307;1;0;0;0;0;0;0;1;0;0;0;0;1;0;0;0;0;0;0;1;0;1.33e+05;12.967;3.146;1.814;0.070;101512;1.900
"ESH";732;"Western Sahara";0.203;0.301;0.565;0.057;0.202;26600;24.674;-13.138;0.000;9.019;0.000;0.148;33.6288;0;;;;;;;1;0;0;0;0;0;;;;;;0;0;0;0;0;1;0;0;0;0;0.000;4.932;12.435;2.049;5.215;2439;
"ESP";724;"Spain";1.689;0.810;5.062;0.472;23.372;49900;40.231;-3.644;64.134;0.000;0.000;0.131;42.9055;0;21764.830;2188.970;8346.302;15621.720;7811.794;1.333;0;0;1;0;0;0;0;1;0;0;0;0;0;0;0;0;0;0;0;0;0;0.000;;;;;5500000;99.240
"EST";233;"Estonia";0.123;0.188;0.414;0.035;0.000;4239;58.673;25.549;62.517;0.000;0.000;0.135;37.0373;0;9762.760;;;11710.010;;0.527;0;0;1;0;0;0;0;0;1;0;0;0;0;0;0;0;0;0;0;0;0;0.000;;;;;69282;100.000
"ETH";231;"Ethiopia";1.570;1.725;4.193;0.443;20.128;100000;8.622;39.636;46.128;1.008;29.455;0.466;2.26331;0;635.794;;;;;-0.823;1;0;0;0;0;0;0;1;0;0;0;0;0;0;0;0;0;0;0;1;0;1.31e+06;12.589;2.706;2.543;0.510;1639589;0.000
"FIN";246;"Finland";0.328;0.268;1.202;0.092;0.137;30459;64.481;26.240;2.097;0.000;0.000;0.324;8.79128;0;25553.880;4253.287;11441.303;19770.363;11059.542;1.897;0;0;1;0;0;0;0;0;0;0;1;0;0;0;0;0;0;0;0;0;0;0.000;;;;;100000;100.000
"FJI";242;"Fiji";1.396;0.582;3.723;0.421;14.011;1827;-17.447;161.988;98.293;0.000;100.000;0.009;100;0;4949.898;;;;;-0.093;0;0;0;1;0;0;1;0;0;0;0;0;1;0;0;0;0;0;0;0;0;0.000;;;;;139322;2.200
"FLK";238;"Falkland Islands (Malvinas)";0.264;0.214;0.859;0.083;0.786;1217;-51.745;-59.382;0.000;0.000;0.000;0.005;100;0;;;;;;;0;0;0;0;0;1;;;;;;0;0;0;0;0;0;0;0;0;0;0.000;;;;;;
"FRA";250;"France";1.098;0.496;3.406;0.313;12.070;55010;46.560;2.551;59.939;0.000;0.000;0.172;34.6184;0;25698.010;5271.312;13251.077;21025.375;12907.095;1.397;0;0;1;0;0;0;0;1;0;0;0;0;0;0;0;0;0;0;0;0;0;0.000;;;;;11000000;93.400
"FRO";234;"Faeroe Islands";2.253;1.309;8.215;0.665;39.927;140;62.073;-6.885;0.000;0.000;0.000;0.001;100;0;;;;;;;0;0;1;0;0;0;0;1;0;0;0;0;0;0;0;0;0;0;0;0;0;0.000;;;;;10000;
"FSM";583;"Micronesia; Federated States of";1.353;0.919;3.610;0.423;17.095;70;6.674;157.754;32.857;0.000;100.000;0.000;100;0;;;;;;-0.365;0;0;0;1;0;0;1;0;0;0;0;0;0;0;0;0;0;0;0;0;0;0.000;;;;;15427;
"GAB";266;"Gabon";0.218;0.582;0.583;0.070;0.434;25767;-0.623;11.784;11.978;0.000;100.000;0.195;28.1246;5200;6118.662;3108.377;9405.868;3847.075;5359.929;-0.553;1;0;0;0;0;0;0;1;0;0;0;0;0;1;0;0;0;0;0;0;1;27402.172;5.531;8.367;3.703;3.529;138320;1.000
"GBR";826;"United Kingdom of Great Britain and Northern Ireland";0.568;0.210;1.878;0.175;3.643;24269;54.150;-2.901;48.239;0.000;0.000;0.034;96.3607;0;26332.050;6939.374;11847.087;20352.869;12332.872;1.783;0;0;1;0;0;0;1;0;0;0;0;0;0;0;0;0;0;0;0;0;0;0.000;;;;;3306643;94.600
"GEO";268;"Georgia";3.659;0.859;11.258;1.067;59.170;6949;42.179;43.513;34.021;0.000;0.000;0.181;33.1835;0;1880.450;;;3243.627;;-1.033;0;1;0;0;0;0;0;0;1;0;0;0;0;0;0;0;0;0;0;0;0;0.000;;;;;275547;3.000
"GHA";288;"Ghana";0.228;0.250;0.601;0.071;0.371;22754;7.963;-1.208;65.738;0.000;100.000;0.283;19.3048;13275;1892.808;1121.794;1246.881;1269.883;1217.556;-0.297;1;0;0;0;0;0;1;0;0;0;0;0;1;0;0;0;0;0;1;0;0;1.61e+06;4.773;9.300;3.174;4.332;912300;0.000
"GIB";292;"Gibraltar";7.811;5.542;21.453;1.728;100.000;1;36.139;-5.348;0.000;0.000;0.000;0.000;100;0;;;;;;;0;0;1;0;0;0;;;;;;0;0;0;0;0;0;0;0;0;0;0.000;;;;;;
"GIN";324;"Guinea";0.740;1.030;1.969;0.213;3.952;24572;10.435;-10.939;17.761;0.000;100.000;0.263;14.9423;4864;1975.794;303.321;512.136;571.719;469.724;-1.320;1;0;0;0;0;0;0;1;0;0;0;0;0;1;0;0;0;0;1;0;0;3.50e+05;3.720;10.269;3.245;5.259;455699;0.000
"GLP";312;"Guadeloupe";1.188;0.533;3.230;0.359;21.296;169;16.280;-61.601;76.500;0.000;100.000;0.003;100;0;;;;;;;0;0;0;0;1;0;0;1;0;0;0;0;0;0;0;0;0;0;0;0;0;0.000;;;;;3387;
"GMB";270;"Gambia";0.353;0.384;0.915;0.091;0.000;1000;13.447;-15.388;81.699;0.000;89.355;0.053;77.3706;0;1728.198;607.365;1049.606;894.813;866.362;0.100;1;0;0;0;0;0;1;0;0;0;0;0;1;0;0;0;0;0;1;0;0;21730.895;3.889;10.793;3.172;5.638;51104;0.500
"GNB";624;"Guinea-Bissau";0.491;0.534;1.302;0.123;0.098;2812;12.013;-14.987;43.253;0.000;100.000;0.045;87.3195;0;782.477;289.153;925.067;680.606;707.146;-1.650;1;0;0;0;0;0;0;1;0;0;0;0;0;0;1;0;0;0;1;0;0;1.81e+05;3.796;10.631;3.285;5.633;87833;3.000
"GNQ";226;"Equatorial Guinea";0.559;1.405;1.449;0.177;5.540;2805;1.703;10.335;6.829;0.000;100.000;0.069;69.3531;0;15189.540;539.763;1294.001;7973.103;1623.250;-1.263;1;0;0;0;0;0;0;1;0;0;0;1;0;0;0;0;0;0;0;0;1;10.500;5.577;8.556;3.462;3.515;66516;5.750
"GRC";300;"Greece";3.103;1.295;9.166;0.867;52.841;12890;39.043;22.989;48.588;0.000;0.000;0.029;96.2131;0;17391.740;1915.007;7721.514;12110.869;6959.675;0.810;0;0;1;0;0;0;0;1;0;0;0;0;0;0;0;0;0;0;0;0;0;0.000;;;;;1118034;100.000
"GRD";308;"Grenada";2.088;1.538;5.655;0.606;39.913;34;12.157;-61.654;67.646;0.000;100.000;0.001;100;0;7536.395;;;;;0.270;0;0;0;0;1;0;1;0;0;0;0;0;1;0;0;0;0;0;0;0;0;0.000;;;;;1237;
"GRL";304;"Greenland";0.410;0.914;1.548;0.131;4.252;217500;74.728;-41.345;0.000;0.000;0.000;0.867;3.50187;0;;;;;;;0;0;0;0;1;0;0;1;0;0;0;0;0;0;0;0;0;0;0;0;0;0.000;;;;;10000;
"GTM";320;"Guatemala";1.807;1.369;4.893;0.538;30.850;10843;15.697;-90.356;58.058;0.000;78.376;0.099;48.2159;0;3974.407;2084.894;3683.875;4096.941;3228.048;-0.897;0;0;0;0;1;0;0;1;0;0;0;1;0;0;0;0;0;0;0;0;0;0.000;;;;;243109;21.965
"GUF";254;"French Guiana";0.205;0.254;0.546;0.065;0.109;8815;3.930;-53.233;18.394;0.000;100.000;0.125;43.0358;0;;;;;;0.990;0;0;0;0;0;1;;;;;;0;0;0;0;0;0;0;0;0;0;0.000;;;;;;
"GUM";316;"Guam";0.666;0.293;1.825;0.215;1.498;54;13.440;144.776;22.222;0.000;100.000;0.000;100;0;;;;;;;0;0;0;1;0;0;1;0;0;0;0;0;0;0;0;0;0;0;0;0;0;0.000;;;;;;
"GUY";328;"Guyana";0.273;0.052;0.744;0.089;0.360;19685;4.794;-58.976;19.594;0.000;100.000;0.215;28.642;1023;4072.166;;;;;-0.230;0;0;0;0;0;1;1;0;0;0;0;0;1;0;0;0;0;0;0;0;0;0.000;;;;;;1.300
"HKG";344;"Hong Kong Special Administrative Region of China";2.501;1.558;6.692;0.698;51.197;110;22.381;114.134;96.076;0.000;0.000;0.002;100;0;25795.830;2218.149;6990.537;23328.385;9882.841;1.037;0;1;0;0;0;0;1;0;0;0;0;0;1;0;0;0;0;0;0;0;0;0.000;;;;;42611;0.000
"HND";340;"Honduras";2.150;1.207;5.824;0.631;39.971;11189;14.822;-86.600;55.945;0.000;94.636;0.077;66.5159;0;2506.231;1313.356;1731.909;1911.571;1690.379;-0.837;0;0;0;0;1;0;0;1;0;0;0;1;0;0;0;0;0;0;0;0;0;0.000;;;;;114924;46.000
"HRV";191;"Croatia";1.267;0.678;3.842;0.366;17.588;5592;45.026;16.419;48.395;0.000;0.000;0.113;51.0571;0;9545.475;;;6438.607;;-0.203;0;0;1;0;0;0;0;0;1;0;0;0;0;0;0;0;0;0;0;0;0;0.000;;;;;530014;99.550
"HTI";332;"Haiti";2.362;1.318;6.448;0.697;42.462;2756;18.936;-72.686;42.050;0.000;100.000;0.019;100;0;1798.406;1050.620;1034.517;796.162;1007.399;-1.463;0;0;0;0;1;0;0;1;0;0;0;0;0;1;0;0;0;0;0;0;0;0.000;;;;;51954;2.500
"HUN";348;"Hungary";0.346;0.289;1.090;0.098;0.921;8962;47.166;19.418;65.095;0.000;0.000;0.467;0;0;13223.630;2479.958;5804.766;7132.268;5178.710;0.800;0;0;1;0;0;0;0;0;1;0;0;0;0;0;0;0;0;0;0;0;0;0.000;;;;;1000000;99.300
"IDN";360;"Indonesia";0.967;0.435;2.587;0.304;13.405;181157;-2.226;117.277;43.306;0.000;99.835;0.062;77.0687;287;3028.274;839.518;1507.126;3258.498;1752.640;-0.653;0;1;0;0;0;0;0;1;0;0;0;0;0;0;0;1;0;0;0;0;0;0.000;;;;;6987225;0.000
"IND";356;"India";1.013;0.237;2.842;0.295;12.824;297319;22.876;79.627;51.042;4.495;39.447;0.407;18.0434;489;2415.093;619.003;897.336;1885.008;1006.152;0.213;0;1;0;0;0;0;1;0;0;0;0;0;1;0;0;0;0;0;0;0;0;0.000;;;;;77226807;0.000
"IOT";86;"British Indian Ocean Territory";0.018;0.016;0.037;0.006;0.000;8;-6.845;72.187;;0.000;100.000;0.000;100;0;;;;;;;0;1;0;0;0;0;;;;;;0;0;0;0;0;0;0;0;0;0;0.000;;;;;;
"IRL";372;"Ireland";0.513;0.280;1.676;0.158;2.864;6889;53.181;-8.153;59.095;0.000;0.000;0.035;95.8615;0;30532.310;3452.898;7316.275;21551.340;8281.263;1.643;0;0;1;0;0;0;1;0;0;0;0;0;0;0;0;0;0;0;0;0;0;0.000;;;;;193357;99.885
"IRN";364;"Iran; Islamic Republic of";2.445;0.929;6.962;0.651;33.616;162855;32.560;54.305;21.824;0.543;0.000;0.461;11.4317;0;5826.672;1719.611;5862.488;4662.057;3593.365;-0.600;0;1;0;0;0;0;0;1;0;0;0;0;0;0;0;0;0;0;0;0;0;0.000;;;;;3741657;0.000
"IRQ";368;"Iraq";0.670;0.360;1.919;0.175;5.572;43737;33.051;43.765;7.912;0.010;0.000;0.456;2.58288;0;;1363.606;4315.305;1221.224;2984.537;-1.507;0;1;0;0;0;0;0;1;0;0;0;0;1;0;0;0;0;0;0;0;0;0.000;;;;;1000000;0.000
"ISL";352;"Iceland";1.472;0.557;5.318;0.435;20.729;10025;64.990;-18.594;3.403;9.086;0.000;0.040;93.2095;0;28929.430;;;;;1.753;0;0;1;0;0;0;0;0;0;0;1;0;0;0;0;0;0;0;0;0;0;0.000;;;;;60000;
"ISR";376;"Israel";1.705;1.002;4.808;0.439;23.277;2164;31.353;34.967;27.477;0.709;0.000;0.052;90.3822;0;23857.940;2817.303;10147.871;16925.594;9250.910;1.070;0;1;0;0;0;0;1;0;0;0;0;0;1;0;0;0;0;0;0;0;0;0.000;;;;;229955;30.698
"ITA";380;"Italy";2.458;0.755;7.506;0.711;38.884;29411;42.789;12.075;51.780;0.000;0.000;0.058;80.9226;0;24994.660;3501.900;10741.869;18773.570;11048.927;0.893;0;0;1;0;0;0;0;1;0;0;0;0;0;0;0;0;0;0;0;0;0;0.000;;;;;7000000;99.800
"JAM";388;"Jamaica";1.788;0.934;4.837;0.528;24.278;1083;18.156;-77.311;66.970;0.000;100.000;0.012;100;0;3650.390;1326.785;3844.877;3598.210;3139.550;-0.377;0;0;0;0;1;0;1;0;0;0;0;0;1;0;0;0;0;0;0;0;0;0.000;;;;;22626;8.000
"JOR";400;"Jordan";1.097;1.648;3.115;0.282;12.165;8824;31.250;36.788;15.479;15.332;0.000;0.189;16.2407;0;3846.694;1663.149;2582.962;4088.574;3248.945;0.390;0;1;0;0;0;0;0;1;0;0;0;0;1;0;0;0;0;0;0;0;0;0.000;;;;;86370;1.000
"JPN";392;"Japan";2.132;0.463;6.275;0.604;37.173;36450;37.540;137.963;42.879;0.000;0.006;0.032;97.7372;0;26219.790;1920.721;11343.781;20742.387;11248.286;1.477;0;1;0;0;0;0;0;0;0;1;0;0;0;0;0;0;0;0;0;0;0;0.000;;;;;12500000;0.000
"KAZ";398;"Kazakhstan";0.372;0.281;1.172;0.108;2.913;269970;48.180;67.313;9.877;9.747;0.000;2.206;0;0;4594.435;;;5648.025;;-0.877;0;1;0;0;0;0;0;0;1;0;0;0;0;0;0;0;0;0;0;0;0;0.000;;;;;1253389;41.900
"KEN";404;"Kenya";0.669;0.559;1.781;0.195;5.427;56914;0.534;37.861;33.657;11.629;51.028;0.409;9.38789;0;1018.731;650.601;941.848;1030.687;912.759;-1.050;1;0;0;0;0;0;1;0;0;0;0;0;1;0;0;0;0;0;0;1;0;86447.906;11.083;2.705;3.359;1.361;1322790;0.000
"KGZ";417;"Kyrgyzstan";4.287;0.948;13.105;1.246;69.767;19180;41.464;74.556;12.534;0.000;0.000;1.918;0;0;1560.000;;;2167.491;;-0.740;0;1;0;0;0;0;0;0;1;0;0;0;0;0;0;0;0;0;0;0;0;0.000;;;;;325361;15.000
"KHM";116;"Cambodia";0.540;0.146;1.421;0.154;6.094;17652;12.707;104.921;22.213;0.000;100.000;0.170;25.378;0;1859.063;481.977;579.707;1141.000;766.583;-1.013;0;1;0;0;0;0;0;0;1;0;0;0;0;1;0;0;0;0;0;0;0;0.000;;;;;1383162;0.000
"KIR";296;"Kiribati";0.010;0.015;0.021;0.003;0.000;81;0.699;-46.958;45.679;0.000;100.000;0.000;100;0;;;;;;-0.145;0;0;0;1;0;0;1;0;0;0;0;0;1;0;0;0;0;0;0;0;0;0.000;;;;;10513;
"KNA";659;"Saint Kitts and Nevis";0.006;0.010;0.012;0.003;0.000;26;17.274;-62.704;100.000;0.000;100.000;0.001;100;0;11224.700;;;;;0.060;0;0;0;0;1;0;1;0;0;0;0;0;1;0;0;0;0;0;0;0;0;0.000;;;;;743;
"KOR";410;"Republic of Korea";1.960;0.747;5.807;0.546;33.976;9873;36.356;127.806;43.556;0.000;0.000;0.042;95.0484;0;16172.410;853.890;3161.702;14219.083;4725.635;0.717;0;1;0;0;0;0;0;0;0;1;0;0;0;0;0;0;0;0;0;0;0;0.000;;;;;2308243;0.000
"KWT";414;"Kuwait";0.245;0.271;0.691;0.063;0.000;1782;29.354;47.613;0.000;0.000;0.000;0.040;98.6018;0;15958.920;28878.139;18161.664;10082.733;19359.766;0.770;0;1;0;0;0;0;0;1;0;0;0;0;1;0;0;0;0;0;0;0;0;0.000;;;;;42006;0.000
"LAO";418;"Lao People's Democratic Republic";2.553;1.218;6.976;0.723;49.807;23080;18.495;103.774;12.068;0.000;54.794;0.267;6.8206;0;1569.901;612.943;783.584;1203.223;826.834;-1.150;0;1;0;0;0;0;0;0;1;0;0;0;0;1;0;0;0;0;0;0;0;0.000;;;;;348220;0.000
"LBN";422;"Lebanon";4.197;2.170;12.042;1.103;71.642;1023;33.922;35.897;72.415;0.000;0.000;0.027;100;0;4216.305;2428.740;3461.337;3405.220;2881.809;-0.177;0;1;0;0;0;0;0;1;0;0;0;0;0;1;0;0;0;0;0;0;0;0.000;;;;;313584;0.500
"LBR";430;"Liberia";0.263;0.259;0.695;0.083;0.459;9632;6.448;-9.307;15.820;0.000;100.000;0.096;54.5897;9901;;1054.759;1247.827;990.059;1195.255;-2.113;1;0;0;0;0;0;1;0;0;0;0;0;0;0;0;0;0;0;1;0;0;6789.634;3.776;9.777;3.595;5.227;143361;0.000
"LBY";434;"Libyan Arab Jamahiriya";0.403;0.337;1.124;0.105;1.535;175954;27.041;18.029;2.756;48.242;0.000;0.501;9.92269;0;;857.168;5515.242;2312.993;3978.577;-1.010;1;0;0;0;0;0;0;1;0;0;0;0;0;0;0;1;1;0;0;0;0;8847.930;8.422;16.775;0.610;2.151;500000;0.000
"LCA";662;"Saint Lucia";2.147;1.351;5.841;0.590;35.476;61;13.894;-60.965;32.527;0.000;100.000;0.002;100;0;5620.647;;;;;0.060;0;0;0;0;1;0;1;0;0;0;0;0;1;0;0;0;0;0;0;0;0;0.000;;;;;1335;
"LIE";438;"Liechtenstein";5.328;2.927;17.180;1.554;76.379;16;47.145;9.554;0.000;0.000;0.000;0.305;0;0;;;;;;1.515;0;0;1;0;0;0;0;0;0;1;0;0;0;0;0;0;0;0;0;0;0;0.000;;;;;;
"LKA";144;"Sri Lanka";0.650;0.446;1.712;0.197;7.786;6463;7.630;80.701;51.595;0.000;100.000;0.035;100;0;3625.534;1252.871;1540.745;3633.984;1891.942;-0.067;0;1;0;0;0;0;1;0;0;0;0;0;1;0;0;0;0;0;0;0;0;0.000;;;;;956352;0.000
"LSO";426;"Lesotho";6.202;4.165;17.595;1.559;90.249;3035;-29.580;28.254;54.695;0.000;0.000;0.246;0;308;2122.544;355.366;714.936;1490.346;824.398;-0.083;1;0;0;0;0;0;1;0;0;0;0;0;1;0;0;0;0;1;0;0;0;0.000;7.202;3.035;6.637;4.846;26096;0.000
"LTU";440;"Lithuania";0.175;0.229;0.578;0.049;0.000;6268;55.336;23.905;62.064;0.000;0.000;0.256;13.8029;0;8767.231;;;6346.336;;0.330;0;0;1;0;0;0;0;0;1;0;0;0;0;0;0;0;0;0;0;0;0;0.000;;;;;161557;100.000
"LUX";442;"Luxembourg";0.881;0.581;2.844;0.242;1.654;259;49.778;6.095;25.662;0.000;0.000;0.259;0;0;57792.090;;;;;1.767;0;0;1;0;0;0;0;1;0;0;0;0;0;0;0;0;0;0;0;0;0;0.000;;;;;26534;99.200
"LVA";428;"Latvia";0.154;0.136;0.522;0.044;0.000;6205;56.854;24.931;77.568;0.000;0.000;0.265;15.7566;0;7903.728;;;7693.585;;0.177;0;0;1;0;0;0;0;0;1;0;0;0;0;0;0;0;0;0;0;0;0;0.000;;;;;122643;100.000
"MAC";446;"Macao Special Administrative Region of China";0.732;0.527;1.921;0.185;4.168;3;22.169;113.555;0.000;0.000;0.000;0.000;100;0;18581.940;;;;;0.195;0;1;0;0;0;0;0;1;0;0;0;0;0;0;1;0;0;0;0;0;0;0.000;;;;;13636;
"MAR";504;"Morocco";2.413;1.291;6.853;0.629;36.083;44630;31.882;-6.302;43.968;0.614;0.000;0.164;35.4198;0;3513.834;1455.361;1830.967;2657.562;1952.039;0.133;1;0;0;0;0;0;0;1;0;0;0;0;0;1;0;0;1;0;0;0;0;0.000;5.794;13.676;1.023;4.571;1586397;8.000
"MCO";492;"Monaco";6.612;6.043;20.834;2.106;100.000;;43.753;7.422;0.000;0.000;0.000;0.000;100;0;;;;;;;0;0;1;0;0;0;0;1;0;0;0;0;0;0;0;0;0;0;0;0;0;0.000;;;;;;
"MDA";498;"Republic of Moldova";0.799;0.573;2.527;0.222;0.403;3288;47.205;28.468;62.015;0.000;0.000;0.197;11.0077;0;1331.461;;;2127.236;;-0.317;0;0;1;0;0;0;0;0;1;0;0;0;0;0;0;0;0;0;0;0;0;0.000;;;;;147311;99.100
"MDG";450;"Madagascar";1.169;0.738;3.185;0.328;12.672;58154;-19.379;46.700;50.804;0.000;65.224;0.087;61.0618;0;825.244;951.010;1126.290;705.899;966.595;-0.653;1;0;0;0;0;0;0;1;0;0;0;0;0;1;0;0;0;0;0;1;0;1.25e+05;9.686;0.904;5.732;3.454;544859;0.600
"MDV";462;"Maldives";0.012;0.012;0.024;0.004;0.000;30;3.566;73.215;30.000;0.000;100.000;0.000;100;0;;;;;;0.350;0;1;0;0;0;0;1;0;0;0;0;0;1;0;0;0;0;0;0;0;0;0.000;;;;;;
"MEX";484;"Mexico";1.732;0.825;4.795;0.491;27.341;194395;23.941;-102.536;31.934;1.704;27.928;0.183;38.4165;0;9046.270;2365.019;5158.340;7274.678;4824.431;-0.473;0;0;0;0;1;0;0;1;0;0;0;1;0;0;0;0;0;0;0;0;0;0.000;;;;;4514402;30.000
"MHL";584;"Marshall Islands";0.014;0.016;0.033;0.004;0.000;18;8.027;169.168;50.000;0.000;100.000;0.000;100;0;;;;;;-0.405;0;0;0;1;0;0;1;0;0;0;0;0;0;0;0;0;0;0;0;0;0;0.000;;;;;6267;
"MKD";807;"The former Yugoslav Republic of Macedonia";2.665;0.885;8.190;0.783;49.405;2543;41.600;21.701;52.895;0.000;0.000;0.135;14.0538;0;6059.698;;;3340.784;;-0.433;0;0;1;0;0;0;0;0;1;0;0;0;0;0;0;0;0;0;0;0;0;0.000;;;;;169275;96.310
"MLI";466;"Mali";0.147;0.305;0.393;0.042;0.228;122019;17.355;-3.524;18.562;26.132;11.688;1.014;0;0;779.597;456.875;612.963;891.656;638.532;-0.527;1;0;0;0;0;0;0;1;0;0;0;0;0;1;0;0;0;0;1;0;0;8.42e+05;3.897;10.790;2.263;4.311;1063541;0.000
"MLT";470;"Malta";1.527;1.171;4.292;0.381;14.699;32;35.925;14.407;100.000;0.000;0.000;0.002;100;0;18255.730;;;;;1.003;0;0;1;0;0;0;0;1;0;0;0;0;0;0;0;0;0;0;0;0;0;0.000;;;;;10000;99.500
"MMR";104;"Myanmar";1.988;0.332;5.517;0.577;34.731;65755;21.123;96.514;25.529;0.000;50.245;0.287;30.3948;0;;395.686;662.868;1376.179;725.201;-1.300;0;1;0;0;0;0;0;0;1;0;0;0;1;0;0;0;0;0;0;0;0;0.000;;;;;3482202;0.000
"MNG";496;"Mongolia";1.057;0.765;3.352;0.309;12.623;156650;46.836;103.070;44.883;1.490;0.000;1.694;0;0;1620.436;435.422;912.424;1084.652;891.187;0.000;0;1;0;0;0;0;0;0;1;0;0;0;0;0;0;0;0;0;0;0;0;0.000;;;;;578516;1.000
"MNP";580;"Northern Mariana Islands";1.700;1.484;4.572;0.504;25.440;46;15.800;145.630;4.130;0.000;100.000;0.000;100;0;;;;;;;0;0;0;1;0;0;;;;;;0;0;0;0;0;0;0;0;0;0;0.000;;;;;;
"MOZ";508;"Mozambique";0.612;0.438;1.653;0.170;4.540;78638;-17.264;35.549;55.384;0.000;87.365;0.210;30.756;0;876.868;1133.420;1403.620;1364.891;1278.820;-0.850;1;0;0;0;0;0;0;1;0;0;0;0;0;0;1;0;0;1;0;0;0;6.26e+05;9.264;2.185;5.268;3.298;786003;0.000
"MRT";478;"Mauritania";0.115;0.147;0.308;0.034;0.278;103070;20.264;-10.336;2.042;74.857;0.000;0.511;5.9946;0;1729.208;463.918;961.991;1016.920;856.331;-0.523;1;0;0;0;0;0;0;1;0;0;0;0;0;1;0;0;0;0;1;0;0;1.64e+05;4.424;11.914;2.255;4.973;221211;0.000
"MSR";500;"Montserrat";3.395;2.824;9.256;1.027;69.921;10;16.736;-62.193;0.000;0.000;100.000;0.000;100;0;;;;;;;0;0;0;0;1;0;;;;;;0;0;0;0;0;0;0;0;0;0;0.000;;;;;218;
"MTQ";474;"Martinique";1.206;0.659;3.311;0.378;11.619;106;14.649;-61.021;61.658;0.000;100.000;0.003;100;0;;;;;;1.255;0;0;0;0;1;0;0;1;0;0;0;0;0;0;0;0;0;0;0;0;0;0.000;;;;;3580;
"MUS";480;"Mauritius";0.949;0.788;2.436;0.283;9.101;203;-20.131;57.879;52.217;0.000;100.000;0.006;100;0;9622.512;2489.759;3969.069;10652.315;4876.056;0.793;1;0;0;0;0;0;0;1;0;0;0;0;1;0;0;0;0;0;0;1;0;0.000;10.310;0.032;6.274;3.884;0;16.000
"MWI";454;"Malawi";1.027;0.821;2.759;0.300;10.542;9408;-13.216;34.301;32.281;0.000;39.224;0.496;0;0;586.252;324.056;591.720;656.235;507.871;-0.530;1;0;0;0;0;0;1;0;0;0;0;0;1;0;0;0;0;1;0;0;0;1.25e+05;9.267;2.183;4.821;2.922;348220;0.000
"MYS";458;"Malaysia";1.009;0.374;2.684;0.316;12.870;32855;3.791;109.709;49.196;0.000;100.000;0.057;83.2625;0;8926.452;1559.265;2648.422;8165.590;3467.013;0.517;0;1;0;0;0;0;1;0;0;0;0;0;1;0;0;0;0;0;0;0;0;0.000;;;;;296322;0.000
"MYT";175;"Mayotte";2.673;2.483;5.809;0.720;42.602;37.4;-12.820;45.143;50.771;0.000;100.000;0.002;100;0;;;;;;;1;0;0;0;0;0;0;1;0;0;0;0;0;0;0;0;0;0;0;1;0;0.000;10.108;1.551;4.995;2.722;0;
"NAM";516;"Namibia";0.913;0.423;2.489;0.235;9.723;82329;-22.140;17.219;25.173;13.861;0.000;0.305;17.6842;55728;6057.856;2159.705;3333.925;3637.062;3181.151;0.293;1;0;0;0;0;0;1;0;0;0;0;0;1;0;0;0;0;1;0;0;0;190.351;5.683;5.792;5.981;4.685;93798;10.850
"NCL";540;"New Caledonia";1.586;0.621;4.338;0.492;24.913;1828;-21.299;165.663;54.444;0.000;94.292;0.008;100;0;22140.000;;;;;-0.860;0;0;0;1;0;0;0;1;0;0;0;0;0;1;0;0;0;0;0;0;0;0.000;;;;;31251;
"NER";562;"Niger";0.178;0.222;0.481;0.051;0.245;126670;17.424;9.401;8.236;39.210;0.032;1.186;0;0;703.141;617.031;658.875;486.397;683.153;-0.837;1;0;0;0;0;0;0;1;0;0;0;0;0;1;0;0;0;0;1;0;0;19911.727;5.159;9.223;1.768;2.954;705385;0.000
"NFK";574;"Norfolk Island";1.154;0.812;3.266;0.351;12.248;4;-29.027;167.956;;0.000;0.000;0.000;100;0;;;;;;;0;0;0;1;0;0;;;;;;0;0;0;0;0;0;0;0;0;0;0.000;;;;;;
"NGA";566;"Nigeria";0.312;0.229;0.833;0.093;1.563;91077;9.585;8.092;56.263;0.000;73.440;0.491;9.17532;0;882.590;752.681;1416.623;1251.178;1109.575;-1.290;1;0;0;0;0;0;1;0;0;0;0;0;1;0;0;0;0;0;1;0;0;2.02e+06;5.224;9.151;2.642;3.314;5909180;0.000
"NIC";558;"Nicaragua";0.992;0.768;2.671;0.286;11.923;12140;12.841;-85.033;33.249;0.000;100.000;0.077;65.2217;0;3277.640;1615.788;3128.881;1520.552;2131.895;-0.657;0;0;0;0;1;0;0;1;0;0;0;1;0;0;0;0;0;0;0;0;0;0.000;;;;;100069;51.000
"NIU";570;"Niue";0.177;0.205;0.472;0.055;0.000;26;-19.050;-169.860;26.923;0.000;100.000;0.000;100;0;;;;;;;0;0;0;1;0;0;1;0;0;0;0;0;0;0;0;0;0;0;0;0;0;0.000;;;;;;
"NLD";528;"Netherlands";0.037;0.042;0.108;0.012;0.000;3388;52.250;5.621;41.165;0.000;0.000;0.042;91.6192;0;28610.120;5996.128;13373.628;22161.445;12961.165;1.790;0;0;1;0;0;0;0;1;0;0;0;0;0;0;0;0;0;0;0;0;0;0.000;;;;;600000;95.950
"NOR";578;"Norway";2.409;1.245;8.516;0.692;37.013;30428;64.467;14.082;0.073;0.000;0.000;0.053;79.6415;0;34207.820;5429.510;12271.317;25101.949;13253.486;1.950;0;0;1;0;0;0;0;0;0;0;1;0;0;0;0;0;0;0;0;0;0;0.000;;;;;400000;100.000
"NPL";524;"Nepal";5.043;1.260;14.458;1.493;75.265;14300;28.264;83.931;41.622;0.000;0.000;0.697;0;0;1322.873;496.334;641.508;999.145;691.527;-0.177;0;1;0;0;0;0;1;0;0;0;0;0;0;0;0;0;0;0;0;0;0;0.000;;;;;1852093;0.000
"NRU";520;"Nauru";0.311;0.527;0.781;0.089;0.000;2;-0.641;167.801;;0.000;100.000;0.000;100;0;;;;;;;0;0;0;1;0;0;1;0;0;0;0;0;1;0;0;0;0;0;0;0;0;0.000;;;;;;
"NZL";554;"New Zealand";2.038;0.451;6.233;0.606;31.490;26771;-41.806;171.478;44.643;0.000;0.000;0.039;95.685;0;19614.940;8455.649;12488.613;16170.117;11982.210;1.870;0;0;0;1;0;0;1;0;0;0;0;0;1;0;0;0;0;0;0;0;0;0.000;;;;;15000;80.600
"OMN";512;"Oman";1.109;0.896;3.012;0.283;12.216;30950;20.595;56.104;0.000;19.027;0.000;0.113;47.7134;0;12729.710;623.095;4267.115;7115.765;3880.417;0.843;0;1;0;0;0;0;0;1;0;0;0;0;1;0;0;0;0;0;0;0;0;0.000;;;;;200000;0.000
"PAK";586;"Pakistan";1.949;0.341;5.665;0.559;25.078;77088;29.970;69.395;6.988;11.184;0.000;0.589;11.0758;0;1925.391;643.020;977.667;1815.145;1110.924;-0.727;0;1;0;0;0;0;1;0;0;0;0;0;1;0;0;0;0;0;0;0;0;0.000;;;;;7669487;0.000
"PAN";591;"Panama";1.540;0.546;4.128;0.457;22.956;7443;8.513;-80.109;42.843;0.000;100.000;0.018;100;0;6164.348;1915.962;4198.462;5675.752;3954.735;-0.143;0;0;0;0;1;0;0;1;0;0;0;1;0;0;0;0;0;0;0;0;0;0.000;;;;;66462;45.200
"PCN";612;"Pitcairn";0.404;0.790;1.067;0.104;7.424;4.7;-24.431;-128.445;;0.000;100.000;0.000;100;0;;;;;;;0;0;0;1;0;0;;;;;;0;0;0;0;0;0;0;0;0;0;0.000;;;;;;
"PER";604;"Peru";1.347;0.991;3.653;0.427;20.010;128000;-9.173;-74.361;21.743;0.540;55.788;0.325;16.7165;0;4722.525;2307.632;4325.977;3832.720;3502.972;-0.633;0;0;0;0;0;1;0;1;0;0;0;1;0;0;0;0;0;0;0;0;0;0.000;;;;;1888175;28.043
"PHL";608;"Philippines";2.028;0.574;5.428;0.583;34.183;29817;11.739;122.868;80.137;0.000;98.973;0.020;100;0;4027.548;1070.263;2033.298;2421.199;1893.012;-0.237;0;1;0;0;0;0;0;1;0;0;0;1;0;0;0;0;0;0;0;0;0;0.000;;;;;362390;0.000
"PLW";585;"Palau";0.475;0.380;1.293;0.148;0.000;46;7.801;135.160;13.043;0.000;100.000;0.000;100;0;;;;;;;0;0;0;1;0;0;;;;;;0;0;0;0;0;0;0;0;0;0;0.000;;;;;;
"PNG";598;"Papua New Guinea";1.589;0.980;4.217;0.491;25.222;45286;-6.476;145.252;46.833;0.000;100.000;0.071;71.2843;0;2325.738;;;;;-0.680;0;0;0;1;0;0;1;0;0;0;0;0;1;0;0;0;0;0;0;0;0;0.000;;;;;866855;0.000
"POL";616;"Poland";0.297;0.259;0.951;0.084;1.200;30436;52.124;19.401;48.410;0.000;0.000;0.283;14.8703;0;10401.360;2446.893;5807.870;7308.837;4706.412;0.643;0;0;1;0;0;0;0;0;1;0;0;0;0;0;0;0;0;0;0;0;0;0.000;;;;;2750000;100.000
"PRI";630;"Puerto Rico";1.447;0.699;3.928;0.416;19.250;887;18.225;-66.464;59.186;0.000;100.000;0.012;100;0;22242.230;2143.823;6946.214;14105.683;7177.506;0.917;0;0;0;0;1;0;0;1;0;0;0;1;0;0;0;0;0;0;0;0;0;0.000;;;;;35772;66.300
"PRK";408;"Democratic People's Republic of Korea";2.521;0.884;7.681;0.710;52.428;12041;40.143;127.174;24.281;0.000;0.000;0.064;80.0171;0;;853.857;2840.967;1169.178;1933.106;-0.977;0;1;0;0;0;0;0;0;1;0;0;0;0;0;0;0;0;0;0;0;0;0.000;;;;;1191757;0.000
"PRT";620;"Portugal";1.304;0.967;3.937;0.369;15.522;9150;39.593;-8.531;34.264;0.000;0.000;0.072;70.0621;0;18255.280;2086.406;6517.205;13813.426;6861.499;1.167;0;0;1;0;0;0;0;1;0;0;0;0;0;0;0;0;0;0;0;0;0;0.000;;;;;900000;98.270
"PRY";600;"Paraguay";0.245;0.479;0.681;0.067;0.224;39730;-23.245;-58.393;28.751;0.000;57.034;0.847;0;0;4553.069;1584.366;2220.024;3013.877;2405.144;-0.817;0;0;0;0;0;1;0;1;0;0;0;1;0;0;0;0;0;0;0;0;0;0.000;;;;;174110;52.850
"PSE";275;"Occupied Palestinian Territory";2.775;1.754;7.927;0.706;54.906;602;31.914;35.207;62.369;0.000;0.000;0.046;100;0;;949.299;2329.271;5124.096;2596.531;-0.075;0;1;0;0;0;0;;;;;;0;0;0;0;0;0;0;0;0;0;0.000;;;;;183675;
"PYF";258;"French Polynesia";2.072;1.389;5.637;0.645;40.290;366;-15.346;-145.232;6.284;0.000;96.819;0.001;100;0;24538.310;;;;;;0;0;0;1;0;0;0;1;0;0;0;0;0;1;0;0;0;0;0;0;0;0.000;;;;;24449;
"QAT";634;"Qatar";0.181;0.156;0.493;0.047;0.000;1100;25.293;51.199;0.000;1.782;0.000;0.015;100;0;;30387.131;35198.262;8290.317;23511.402;0.433;0;1;0;0;0;0;0;1;0;0;0;0;1;0;0;0;0;0;0;0;0;0.000;;;;;6897;0.900
"REU";638;"Reunion";3.873;0.962;10.657;1.208;67.425;250;-21.121;55.540;16.400;0.000;58.336;0.008;100;0;;1989.306;3821.115;4588.492;3412.181;;1;0;0;0;0;0;0;1;0;0;0;0;0;0;0;0;0;0;0;1;0;0.000;10.090;0.208;6.256;3.879;0;
"ROU";642;"Romania";1.267;0.555;4.005;0.357;16.710;22971;45.843;24.986;69.642;0.000;0.000;0.367;6.7651;0;5889.324;1181.952;3761.370;3005.540;2935.706;-0.150;0;0;1;0;0;0;0;0;1;0;0;0;0;0;0;0;0;0;0;0;0;0.000;;;;;1250000;99.430
"RUS";643;"Russian Federation";0.940;0.355;3.278;0.267;11.412;1638134;61.990;96.711;17.718;0.056;0.000;1.841;2.76605;205550;7095.689;;;5276.657;;-0.873;0;0;1;0;0;0;0;0;1;0;0;0;0;0;0;0;0;0;0;0;0;0.000;;;;;6481410;99.500
"RWA";646;"Rwanda";3.309;3.178;8.748;0.855;64.627;2467;-2.003;29.923;42.970;0.000;68.880;0.946;0;0;1039.172;546.902;805.649;818.696;739.706;-1.400;1;0;0;0;0;0;0;1;0;0;0;0;0;0;0;1;0;0;0;1;0;0.000;10.754;2.623;3.568;2.102;211005;0.000
"SAU";682;"Saudi Arabia";0.914;0.688;2.514;0.231;8.891;214969;24.097;44.562;0.000;37.258;0.000;0.304;13.6641;0;12374.110;2230.766;11787.042;7647.705;7612.613;0.343;0;1;0;0;0;0;1;0;0;0;0;0;0;0;0;0;0;0;0;0;0;0.000;;;;;2000000;0.000
"SCG";891;"Serbia and Montenegro";1.673;0.711;5.144;0.480;27.128;10200;43.866;20.599;67.976;0.000;0.000;0.236;11.654;0;;;;2313.608;;-1.160;0;0;1;0;0;0;0;0;1;0;0;0;0;0;0;0;0;0;0;0;0;0.000;;;;;981591;98.680
"SDN";736;"Sudan";0.442;0.292;1.186;0.116;2.891;237600;13.887;30.090;19.800;2.160;20.679;0.917;2.92113;0;1682.674;820.837;910.048;991.254;903.639;-1.547;1;0;0;0;0;0;1;0;0;0;0;0;1;0;0;0;0;0;0;1;0;8.64e+05;15.253;3.528;1.827;0.983;3776350;0.000
"SEN";686;"Senegal";0.244;0.246;0.647;0.065;0.168;19253;14.361;-14.474;60.496;0.000;34.999;0.165;32.4713;0;1435.082;1258.898;1396.079;1358.175;1348.293;-0.207;1;0;0;0;0;0;0;1;0;0;0;0;0;1;0;0;0;0;1;0;0;3.77e+05;3.898;10.791;3.035;5.518;442565;1.300
"SGP";702;"Singapore";0.016;0.004;0.036;0.005;0.000;67;1.361;103.820;3.488;0.000;100.000;0.003;100;0;23611.610;2218.961;6430.213;22518.170;8339.448;1.577;0;1;0;0;0;0;1;0;0;0;0;0;1;0;0;0;0;0;0;0;0;0.000;;;;;49570;0.500
"SHN";654;"Saint Helena";3.863;2.368;11.182;1.205;72.252;39;-25.656;-10.466;10.256;0.000;0.000;0.001;100;0;;;;;;;1;0;0;0;0;0;;;;;;0;0;0;0;0;0;0;0;0;1;0.000;3.541;7.512;5.804;6.070;0;
"SJM";744;"Svalbard and Jan Mayen Islands";1.623;1.278;6.575;0.464;24.247;;78.845;18.310;;0.000;0.000;0.276;13.7615;0;;;;;;;0;0;1;0;0;0;;;;;;0;0;0;0;0;0;0;0;0;0;0.000;;;;;;
"SLB";90;"Solomon Islands";1.540;1.109;4.111;0.476;21.213;2799;-8.895;159.601;80.002;0.000;100.000;0.003;100;0;1862.470;;;;;-1.195;0;0;0;1;0;0;1;0;0;0;0;0;1;0;0;0;0;0;0;0;0;0.000;;;;;43289;
"SLE";694;"Sierra Leone";0.498;0.574;1.317;0.144;1.943;7162;8.561;-11.791;7.546;0.000;100.000;0.100;51.5546;16819;466.647;656.268;1125.709;409.872;904.314;-1.290;1;0;0;0;0;0;1;0;0;0;0;0;1;0;0;0;0;0;1;0;0;69606.719;3.705;10.188;3.474;5.410;338261;0.000
"SLV";222;"El Salvador";1.750;1.000;4.746;0.518;26.108;2072;13.724;-88.869;65.938;0.000;100.000;0.039;99.6575;0;4594.274;1488.813;2503.697;2715.551;2147.779;-0.743;0;0;0;0;1;0;0;1;0;0;0;1;0;0;0;0;0;0;0;0;0;0.000;;;;;150732;50.000
"SMR";674;"San Marino";1.802;1.925;5.497;0.522;14.144;6;43.944;12.459;0.000;0.000;0.000;0.025;100;0;;;;;;;0;0;1;0;0;0;0;1;0;0;0;0;0;0;0;0;0;0;0;0;0;0.000;;;;;;
"SOM";706;"Somalia";0.650;0.450;1.711;0.170;6.914;62734;6.061;45.867;7.535;3.358;0.000;0.126;44.7664;0;;1056.633;1201.617;863.075;1117.015;-2.203;1;0;0;0;0;0;1;0;0;0;0;0;0;0;0;1;0;0;0;1;0;32276.752;12.058;2.358;3.090;0.695;661618;0.000
"SPM";666;"Saint Pierre and Miquelon";0.833;1.054;2.467;0.247;2.892;23;46.936;-56.323;0.000;0.000;0.000;0.001;100;0;;;;;;;0;0;0;0;1;0;;;;;;0;0;0;0;0;0;0;0;0;0;0.000;;;;;;
"STP";678;"Sao Tome and Principe";2.347;0.876;5.991;0.710;42.127;96;0.446;6.727;88.013;0.000;100.000;0.004;100;0;;820.358;1421.447;1225.896;1255.841;-0.205;1;0;0;0;0;0;0;1;0;0;0;0;0;0;1;0;0;0;0;0;1;0.000;5.197;8.474;3.670;3.932;0;
"SUR";740;"Suriname";0.307;0.034;0.815;0.096;0.743;15600;4.133;-55.911;22.425;0.000;100.000;0.191;25.757;0;;;;;;-0.323;0;0;0;0;0;1;0;1;0;0;0;0;0;0;0;1;0;0;0;0;0;0.000;;;;;;
"SVK";703;"Slovakia";1.560;0.672;5.043;0.442;23.419;4810;48.707;19.487;60.924;0.000;0.000;0.554;0;0;11303.750;;;8219.698;;0.263;0;0;1;0;0;0;0;0;1;0;0;0;0;0;0;0;0;0;0;0;0;0.000;;;;;698933;99.610
"SVN";705;"Slovenia";2.496;0.746;7.713;0.711;39.108;2014;46.112;14.823;67.604;0.000;0.000;0.091;61.6056;0;16873.330;;;12876.633;;0.973;0;0;1;0;0;0;0;0;1;0;0;0;0;0;0;0;0;0;0;0;0;0.000;;;;;202779;100.000
"SWE";752;"Sweden";0.715;0.343;2.530;0.207;3.868;41033;62.777;16.759;15.853;0.000;0.000;0.223;21.2438;0;25899.880;6739.231;14183.347;20709.986;13259.333;1.813;0;0;1;0;0;0;0;0;0;0;1;0;0;0;0;0;0;0;0;0;0;0.000;;;;;800000;99.300
"SWZ";748;"Swaziland";3.063;2.301;8.574;0.775;54.481;1720;-26.565;31.501;54.413;0.000;2.876;0.113;36.2172;426;4681.445;721.089;2461.908;2630.322;1902.181;-0.160;1;0;0;0;0;0;1;0;0;0;0;0;1;0;0;0;0;1;0;0;0;0.000;8.291;2.622;6.295;4.423;9707;2.800
"SYC";690;"Seychelles";4.885;1.802;11.129;1.278;54.101;46;-6.723;51.924;13.043;0.000;100.000;0.000;100;0;17957.470;1912.258;3250.874;6353.528;3625.007;0.580;1;0;0;0;0;0;0;1;0;0;0;0;1;0;0;0;0;0;0;1;0;0.000;11.457;1.742;4.635;2.253;0;
"SYR";760;"Syrian Arab Republic";0.756;0.741;2.174;0.198;6.630;18378;35.014;38.498;52.909;3.445;0.000;0.244;16.7091;0;3242.195;2408.502;5570.152;7368.301;4961.027;-0.367;0;1;0;0;0;0;0;1;0;0;0;0;0;1;0;0;0;0;0;0;0;0.000;;;;;1306601;0.000
"TCA";796;"Turks and Caicos Islands";0.007;0.010;0.013;0.003;0.000;43;21.750;-71.856;0.000;0.000;100.000;0.001;100;0;;;;;;;0;0;0;0;1;0;;;;;;0;0;0;0;0;0;0;0;0;0;0.000;;;;;;
"TCD";148;"Chad";0.419;0.197;1.135;0.112;3.605;125920;15.365;18.667;19.262;21.720;13.413;1.254;0;0;821.150;475.502;550.500;428.787;472.883;-0.920;1;0;0;0;0;0;0;1;0;0;0;0;0;1;0;0;0;0;0;0;1;5.29e+05;5.581;8.876;1.879;2.026;776187;0.000
"TGO";768;"Togo";0.280;0.247;0.745;0.088;0.981;5439;8.528;0.977;56.646;0.000;100.000;0.263;16.778;0;1436.855;573.994;1055.553;614.222;833.230;-0.893;1;0;0;0;0;0;0;1;0;0;0;0;0;1;0;0;0;0;1;0;0;2.90e+05;4.926;9.258;3.009;4.085;231251;0.000
"THA";764;"Thailand";1.051;0.189;2.826;0.302;16.408;51089;15.107;101.018;20.144;0.000;99.546;0.193;29.3876;0;6279.510;817.049;1958.720;6397.871;2729.121;0.477;0;1;0;0;0;0;1;0;0;0;0;0;0;0;0;0;0;0;0;0;0;0.000;;;;;1741101;0.000
"TJK";762;"Tajikistan";5.301;1.033;15.976;1.540;75.473;13996;38.527;71.038;17.449;0.025;0.000;1.505;0;0;785.469;;;883.162;;-1.610;0;1;0;0;0;0;0;0;1;0;0;0;0;0;0;0;0;0;0;0;0;0.000;;;;;286375;3.900
"TKL";772;"Tokelau";0.000;0.000;0.000;0.000;0.000;1;-9.088;-171.830;;0.000;100.000;0.000;100;0;;;;;;;0;0;0;1;0;0;1;0;0;0;0;0;0;0;0;0;0;0;0;0;0;0.000;;;;;;
"TKM";795;"Turkmenistan";0.284;0.248;0.834;0.082;1.426;46993;39.194;59.178;3.970;55.087;0.000;1.286;0;0;3667.555;;;2324.556;;-1.180;0;1;0;0;0;0;0;0;1;0;0;0;0;0;0;0;0;0;0;0;0;0.000;;;;;226444;5.500
"TLS";626;"Timor-Leste";1.850;1.286;5.001;0.584;28.298;1487;-8.827;125.858;64.979;0.000;100.000;0.013;100;0;;;;;;;0;1;0;0;0;0;;;;;;0;0;0;0;0;0;0;0;0;0;0.000;;;;;36325;0.000
"TON";776;"Tonga";0.773;0.070;1.992;0.224;9.737;72;-19.859;-174.847;100.000;0.000;100.000;0.000;100;0;6568.724;;;;;-0.380;0;0;0;1;0;0;1;0;0;0;0;0;1;0;0;0;0;0;0;0;0;0.000;;;;;19021;
"TTO";780;"Trinidad and Tobago";0.603;0.521;1.611;0.184;5.099;513;10.469;-61.257;50.384;0.000;100.000;0.008;100;0;8969.766;3674.051;9117.805;13681.761;8591.538;0.420;0;0;0;0;1;0;1;0;0;0;0;0;1;0;0;0;0;0;0;0;0;0.000;;;;;10258;7.100
"TUN";788;"Tunisia";0.726;0.585;2.079;0.198;7.434;15536;34.120;9.579;31.727;20.664;0.000;0.114;48.8258;0;6251.551;1114.596;2446.059;4552.262;2441.640;-0.083;1;0;0;0;0;0;0;1;0;0;0;0;0;1;0;0;1;0;0;0;0;0.000;7.480;15.833;0.310;3.205;836512;0.000
"TUR";792;"Turkey";2.620;1.192;7.773;0.732;40.909;76963;39.061;35.174;65.295;0.000;0.000;0.152;38.9877;0;6510.354;1622.933;3894.789;6609.014;3821.776;-0.040;0;1;0;0;0;0;0;1;0;0;0;0;0;0;0;0;0;0;0;0;0;0.000;;;;;6438306;10.000
"TUV";798;"Tuvalu";0.025;0.020;0.055;0.008;0.000;3;-7.414;178.052;66.667;0.000;100.000;0.000;100;0;;;;;;1.690;0;0;0;1;0;0;1;0;0;0;0;0;1;0;0;0;0;0;0;0;0;0.000;;;;;;
"TWN";158;"Taiwan";3.490;0.429;9.785;1.032;56.543;3615;23.752;120.953;9.843;0.000;8.846;0.023;100;0;;924.393;3958.396;16858.584;5906.895;0.867;0;1;0;0;0;0;0;0;0;1;0;0;0;0;0;0;0;0;0;0;0;0.000;;;;;174110;0.000
"TZA";834;"United Republic of Tanzania";0.677;0.541;1.814;0.201;5.346;88580;-6.266;34.826;39.711;0.000;88.294;0.420;10.2759;9035;521.827;423.714;600.268;535.125;527.040;-0.430;1;0;0;0;0;0;1;0;0;0;0;0;1;0;0;0;0;0;0;1;0;5.35e+05;10.595;2.558;4.056;2.187;1496403;0.000
"UGA";800;"Uganda";0.913;0.779;2.424;0.251;8.765;19710;1.282;32.388;13.095;0.020;97.783;0.909;0;0;1243.514;686.854;784.287;796.523;699.696;-0.700;1;0;0;0;0;0;1;0;0;0;0;0;1;0;0;0;0;0;0;1;0;4553.603;10.996;2.699;3.204;1.650;1322790;0.000
"UKR";804;"Ukraine";0.416;0.359;1.317;0.117;1.988;57935;49.009;31.411;69.003;0.000;0.000;0.365;13.6144;0;4108.690;;;2745.334;;-0.823;0;0;1;0;0;0;0;0;1;0;0;0;0;0;0;0;0;0;0;0;0;0.000;;;;;2347003;100.000
"UMI";581;"United States Minor Outlying Islands";0.005;0.035;0.011;0.001;0.000;;7.141;-153.655;;0.000;100.000;0.000;100;0;;;;;;;0;1;0;0;0;0;;;;;;0;0;0;0;0;0;0;0;0;0;0.000;;;;;;
"URY";858;"Uruguay";0.435;0.391;1.283;0.114;0.136;17502;-32.802;-56.013;68.979;0.000;0.000;0.142;37.4727;0;8781.518;4659.398;5421.178;7883.267;5841.658;0.550;0;0;0;0;0;1;0;1;0;0;0;1;0;0;0;0;0;0;0;0;0;0.000;;;;;;91.890
"USA";840;"United States of America";1.073;0.333;3.384;0.304;14.317;916192;45.718;-112.982;41.600;0.278;0.358;0.677;13.1656;0;33970.170;9561.348;16283.633;28448.850;17349.756;1.697;0;0;0;0;1;0;1;0;0;0;0;0;1;0;0;0;0;0;0;0;0;0.000;;;;;783496;76.020
"UZB";860;"Uzbekistan";0.526;0.243;1.589;0.154;5.782;42540;41.633;63.341;11.720;32.152;0.000;1.645;0;0;1515.708;;;3478.961;;-1.023;0;1;0;0;0;0;0;0;1;0;0;0;0;0;0;0;0;0;0;0;0;0.000;;;;;1180650;7.500
"VAT";336;"Holy See";0.438;0.428;1.162;0.126;0.000;;41.904;12.451;100.000;0.000;0.000;0.020;100;0;;;;;;;0;0;1;0;0;0;;;;;;0;0;0;0;0;0;0;0;0;0;0.000;;;;;;
"VCT";670;"Saint Vincent and the Grenadines";3.071;1.878;8.401;0.892;61.286;39;13.185;-61.205;38.818;0.000;100.000;0.001;100;0;5334.509;;;;;0.060;0;0;0;0;1;0;1;0;0;0;0;0;1;0;0;0;0;0;0;0;0;0.000;;;;;1081;
"VEN";862;"Venezuela (Bolivarian Republic of)";0.634;0.594;1.716;0.202;5.994;88205;7.132;-66.153;21.567;0.000;96.752;0.306;25.2528;5124;5685.120;7461.959;10471.647;8414.729;9366.497;-0.730;0;0;0;0;0;1;0;1;0;0;0;1;0;0;0;0;0;0;0;0;0;0.000;;;;;377635;54.500
"VGB";92;"British Virgin Islands";1.257;1.873;3.131;0.340;19.147;15;18.511;-64.518;100.000;0.000;100.000;0.000;100;0;;;;;;;0;0;0;0;1;0;;;;;;0;0;0;0;0;0;0;0;0;0;0.000;;;;;120;
"VIR";850;"United States Virgin Islands";1.404;1.268;3.652;0.395;17.088;35;17.985;-64.805;100.000;0.000;100.000;0.001;100;0;;;;;;;0;0;0;0;1;0;1;0;0;0;0;0;0;0;0;0;0;0;0;0;0;0.000;;;;;432;
"VNM";704;"Viet Nam";2.054;0.439;5.603;0.583;36.775;31106;16.643;106.306;12.150;0.000;56.535;0.112;57.8169;0;2011.743;658.076;709.929;1808.773;932.382;-0.553;0;1;0;0;0;0;0;0;1;0;0;0;0;1;0;0;0;0;0;0;0;0.000;;;;;1665106;0.000
"VUT";548;"Vanuatu";1.729;1.041;4.709;0.545;24.993;1219;-16.196;167.703;79.892;0.000;100.000;0.002;100;0;3172.140;;;;;-0.455;0;0;0;1;0;0;1;0;0;0;0;0;1;0;0;0;0;0;0;0;0;0.000;;;;;22994;
"WLF";876;"Wallis and Futuna Islands";1.306;0.977;3.505;0.400;24.238;14;-13.829;-177.194;42.857;0.000;100.000;0.000;100;0;;;;;;;0;0;0;1;0;0;;;;;;0;0;0;0;0;0;0;0;0;0;0.000;;;;;;
"WSM";882;"Samoa";1.677;0.968;4.644;0.549;22.244;283;-13.738;-172.168;100.000;0.000;100.000;0.003;100;0;4860.269;;;;;0.360;0;0;0;1;0;0;1;0;0;0;0;0;1;0;0;0;0;0;0;0;0;0.000;;;;;33072;
"YEM";887;"Yemen";2.323;2.197;6.155;0.591;33.060;52797;15.863;47.580;0.000;10.750;0.000;0.148;38.1163;0;787.749;911.231;1783.548;2619.284;1703.219;-1.127;0;1;0;0;0;0;0;1;0;0;0;0;1;0;0;0;0;0;0;0;0;0.000;;;;;2250000;0.000
"ZAF";710;"South Africa";1.761;1.318;4.942;0.450;23.957;121447;-29.004;25.094;27.647;4.386;0.179;0.306;18.9404;144785;9419.122;2534.946;4270.851;3978.219;3667.399;0.207;1;0;0;0;0;0;1;0;0;0;0;0;1;0;0;0;0;1;0;0;0;2030.663;6.766;3.457;6.584;4.895;486527;18.000
"ZMB";894;"Zambia";0.533;0.506;1.422;0.145;2.455;74339;-13.458;27.794;23.114;0.000;17.132;0.900;0;0;774.010;660.910;1040.744;645.375;863.642;-0.587;1;0;0;0;0;0;1;0;0;0;0;0;1;0;0;0;0;1;0;0;0;27957.102;9.027;2.389;4.849;3.253;348220;1.000
"ZWE";716;"Zimbabwe";1.194;1.106;3.232;0.306;13.837;38685;-19.000;29.869;54.877;0.000;8.401;0.499;0;898;2499.215;700.979;1401.811;1327.850;1163.542;-0.813;1;0;0;0;0;0;1;0;0;0;0;0;1;0;0;0;0;1;0;0;0;1088.177;9.027;2.389;5.454;3.696;174110;1.000
